Polo;Data;KM_Estimado_K;KM_Real_Google;Fator_K_Usado
SÃO GONÇALO;2025-07-23;29.47;33.257;1.5
SÃO GONÇALO;2025-07-23;15.814;18.374;1.5
SÃO GONÇALO;2025-07-23;12.783;11.43;1.5
SÃO GONÇALO;2025-07-23;15.992;14.005;1.5
SÃO GONÇALO;2025-07-23;10.407;10.28;1.5
SÃO GONÇALO;2025-07-23;10.0;11.974;1.5
SÃO GONÇALO;2025-07-23;8.196;10.095;1.5
SÃO GONÇALO;2025-07-23;13.809;13.588;1.5
SÃO GONÇALO;2025-07-23;14.615;16.351;1.5
SÃO GONÇALO;2025-07-23;8.053;8.993;1.5
SÃO GONÇALO;2025-07-23;8.963;11.901;1.5
SÃO GONÇALO;2025-07-23;7.851;8.222;1.5
SÃO GONÇALO;2025-07-23;5.049;5.966;1.5
SÃO GONÇALO;2025-07-23;7.185;7.851;1.5
SÃO GONÇALO;2025-07-23;9.786;8.953;1.5
SÃO GONÇALO;2025-07-23;5.456;9.649;1.5
SÃO GONÇALO;2025-07-23;4.125;8.336;1.5
SÃO GONÇALO;2025-07-23;3.615;4.039;1.5
SÃO GONÇALO;2025-07-23;5.917;8.92;1.5
ANGRA;2025-07-23;12.583;13.088;1.8
ANGRA;2025-07-23;13.092;13.546;1.8
ANGRA;2025-07-23;13.471;11.556;1.8
ANGRA;2025-07-23;12.273;13.079;1.8
ANGRA;2025-07-23;11.846;11.38;1.8
ANGRA;2025-07-23;14.942;12.02;1.8
ANGRA;2025-07-23;11.986;11.311;1.8
ANGRA;2025-07-23;13.225;13.75;1.8
ANGRA;2025-07-23;11.585;11.778;1.8
ANGRA;2025-07-23;12.075;11.955;1.8
ANGRA;2025-07-23;23.207;17.389;1.8
ANGRA;2025-07-23;11.625;10.423;1.8
ANGRA;2025-07-23;14.362;11.514;1.8
ANGRA;2025-07-23;20.2;20.805;1.8
ANGRA;2025-07-23;11.862;13.651;1.8
ANGRA;2025-07-23;11.474;9.91;1.8
ANGRA;2025-07-23;8.537;13.549;1.8
ANGRA;2025-07-23;7.809;15.529;1.8
ANGRA;2025-07-23;8.83;13.505;1.8
ANGRA;2025-07-23;3.118;4.268;1.8
ARARUAMA;2025-07-23;24.66;23.005;1.6
ARARUAMA;2025-07-23;23.069;29.472;1.6
ARARUAMA;2025-07-23;21.746;20.548;1.6
ARARUAMA;2025-07-23;23.596;20.692;1.6
ARARUAMA;2025-07-23;20.893;18.997;1.6
ARARUAMA;2025-07-23;21.532;17.497;1.6
ARARUAMA;2025-07-23;20.059;17.304;1.6
ARARUAMA;2025-07-23;19.137;15.629;1.6
ARARUAMA;2025-07-23;22.019;25.47;1.6
ARARUAMA;2025-07-23;23.785;23.955;1.6
ARARUAMA;2025-07-23;17.376;13.588;1.6
ARARUAMA;2025-07-23;18.844;14.689;1.6
ARARUAMA;2025-07-23;23.732;21.425;1.6
ARARUAMA;2025-07-23;16.712;14.552;1.6
ARARUAMA;2025-07-23;16.723;17.149;1.6
ARARUAMA;2025-07-23;14.908;12.052;1.6
ARARUAMA;2025-07-23;19.615;16.695;1.6
ARARUAMA;2025-07-23;16.296;12.78;1.6
ARARUAMA;2025-07-23;14.922;10.372;1.6
ARARUAMA;2025-07-23;16.829;16.79;1.6
ARARUAMA;2025-07-23;13.538;10.733;1.6
ARARUAMA;2025-07-23;17.083;16.751;1.6
ARARUAMA;2025-07-23;26.43;23.559;1.6
ARARUAMA;2025-07-23;13.217;11.578;1.6
ARARUAMA;2025-07-23;29.953;31.504;1.6
ARARUAMA;2025-07-23;14.058;12.989;1.6
ARARUAMA;2025-07-23;13.646;17.092;1.6
ARARUAMA;2025-07-23;12.922;12.659;1.6
ARARUAMA;2025-07-23;9.107;9.372;1.6
ARARUAMA;2025-07-23;9.956;9.571;1.6
CABO FRIO;2025-07-23;15.533;14.922;1.6
CABO FRIO;2025-07-23;10.265;10.088;1.6
CABO FRIO;2025-07-23;8.942;8.712;1.6
CABO FRIO;2025-07-23;8.244;7.874;1.6
CABO FRIO;2025-07-23;6.804;7.086;1.6
CABO FRIO;2025-07-23;8.066;7.458;1.6
CABO FRIO;2025-07-23;9.74;9.575;1.6
CABO FRIO;2025-07-23;6.323;6.008;1.6
CABO FRIO;2025-07-23;9.631;17.308;1.6
CABO FRIO;2025-07-23;8.979;10.768;1.6
CABO FRIO;2025-07-23;7.647;8.098;1.6
CABO FRIO;2025-07-23;5.441;6.274;1.6
CABO FRIO;2025-07-23;5.915;5.639;1.6
CABO FRIO;2025-07-23;5.614;7.227;1.6
CABO FRIO;2025-07-23;3.112;3.854;1.6
CABO FRIO;2025-07-23;5.13;5.774;1.6
CABO FRIO;2025-07-23;5.053;6.314;1.6
CABO FRIO;2025-07-23;3.822;4.538;1.6
CABO FRIO;2025-07-23;2.883;2.72;1.6
CABO FRIO;2025-07-23;3.286;4.186;1.6
CAMPOS;2025-07-23;51.653;50.096;1.3
CAMPOS;2025-07-23;58.518;78.906;1.3
CAMPOS;2025-07-23;86.032;85.916;1.3
CAMPOS;2025-07-23;65.297;81.708;1.3
CAMPOS;2025-07-23;53.96;62.576;1.3
CAMPOS;2025-07-23;57.058;76.086;1.3
CAMPOS;2025-07-23;58.103;63.011;1.3
CAMPOS;2025-07-23;39.342;44.188;1.3
CAMPOS;2025-07-23;38.88;41.857;1.3
CAMPOS;2025-07-23;45.794;57.824;1.3
CAMPOS;2025-07-23;34.606;41.954;1.3
CAMPOS;2025-07-23;69.896;78.985;1.3
CAMPOS;2025-07-23;56.098;62.971;1.3
CAMPOS;2025-07-23;34.857;52.065;1.3
CAMPOS;2025-07-23;39.821;37.941;1.3
CAMPOS;2025-07-23;57.095;57.64;1.3
CAMPOS;2025-07-23;31.876;41.02;1.3
CAMPOS;2025-07-23;27.163;33.006;1.3
CAMPOS;2025-07-23;34.676;39.849;1.3
CAMPOS;2025-07-23;23.077;27.848;1.3
CAMPOS;2025-07-23;32.768;42.25;1.3
CAMPOS;2025-07-23;28.088;37.398;1.3
CAMPOS;2025-07-23;29.648;51.736;1.3
CAMPOS;2025-07-23;22.324;24.943;1.3
CAMPOS;2025-07-23;20.567;20.697;1.3
CANTAGALO;2025-07-23;124.801;165.587;1.9
CANTAGALO;2025-07-23;91.505;69.622;1.9
CANTAGALO;2025-07-23;144.769;179.857;1.9
CANTAGALO;2025-07-23;101.439;79.022;1.9
CANTAGALO;2025-07-23;136.146;140.799;1.9
CANTAGALO;2025-07-23;131.382;133.394;1.9
CANTAGALO;2025-07-23;135.072;135.026;1.9
CANTAGALO;2025-07-23;77.812;61.974;1.9
CANTAGALO;2025-07-23;177.143;301.222;1.9
CANTAGALO;2025-07-23;130.469;136.956;1.9
CANTAGALO;2025-07-23;99.684;130.363;1.9
CANTAGALO;2025-07-23;81.309;83.764;1.9
CANTAGALO;2025-07-23;87.153;110.075;1.9
CANTAGALO;2025-07-23;87.259;111.252;1.9
CANTAGALO;2025-07-23;100.025;106.237;1.9
CANTAGALO;2025-07-23;104.852;100.062;1.9
CANTAGALO;2025-07-23;70.873;89.821;1.9
CANTAGALO;2025-07-23;102.009;121.351;1.9
CANTAGALO;2025-07-23;62.854;47.542;1.9
CANTAGALO;2025-07-23;65.215;61.875;1.9
CANTAGALO;2025-07-23;52.422;62.799;1.9
CANTAGALO;2025-07-23;52.94;58.213;1.9
CANTAGALO;2025-07-23;46.612;58.41;1.9
CANTAGALO;2025-07-23;38.069;62.928;1.9
CANTAGALO;2025-07-23;56.835;79.53;1.9
CANTAGALO;2025-07-23;56.406;72.133;1.9
CANTAGALO;2025-07-23;43.955;51.74;1.9
DUQUE DE CAXIAS;2025-07-23;4.675;6.178;1.4
DUQUE DE CAXIAS;2025-07-23;5.779;7.844;1.4
DUQUE DE CAXIAS;2025-07-23;5.867;5.589;1.4
DUQUE DE CAXIAS;2025-07-23;5.602;12.372;1.4
DUQUE DE CAXIAS;2025-07-23;4.81;7.49;1.4
DUQUE DE CAXIAS;2025-07-23;6.478;6.885;1.4
DUQUE DE CAXIAS;2025-07-23;5.38;5.776;1.4
DUQUE DE CAXIAS;2025-07-23;3.704;11.345;1.4
DUQUE DE CAXIAS;2025-07-23;3.463;3.822;1.4
DUQUE DE CAXIAS;2025-07-23;3.68;5.396;1.4
DUQUE DE CAXIAS;2025-07-23;3.472;4.053;1.4
ITABORAÍ;2025-07-23;26.776;24.415;1.4
ITABORAÍ;2025-07-23;25.175;27.18;1.4
ITABORAÍ;2025-07-23;24.447;23.115;1.4
ITABORAÍ;2025-07-23;31.262;35.959;1.4
ITABORAÍ;2025-07-23;28.125;35.697;1.4
ITABORAÍ;2025-07-23;21.832;23.018;1.4
ITABORAÍ;2025-07-23;21.52;21.465;1.4
ITABORAÍ;2025-07-23;19.874;20.822;1.4
ITABORAÍ;2025-07-23;16.582;20.595;1.4
ITABORAÍ;2025-07-23;16.228;16.472;1.4
ITABORAÍ;2025-07-23;21.459;28.79;1.4
ITABORAÍ;2025-07-23;12.033;14.625;1.4
ITABORAÍ;2025-07-23;22.492;24.72;1.4
ITABORAÍ;2025-07-23;22.474;30.979;1.4
ITABORAÍ;2025-07-23;10.55;17.082;1.4
ITABORAÍ;2025-07-23;6.655;9.165;1.4
ITABORAÍ;2025-07-23;6.674;9.799;1.4
ITABORAÍ;2025-07-23;12.184;19.336;1.4
ITABORAÍ;2025-07-23;9.013;8.88;1.4
ITABORAÍ;2025-07-23;8.709;16.371;1.4
ITABORAÍ;2025-07-23;6.35;8.372;1.4
ITABORAÍ;2025-07-23;9.515;11.983;1.4
ITABORAÍ;2025-07-23;6.458;11.446;1.4
ITABORAÍ;2025-07-23;3.816;9.411;1.4
ITAPERUNA;2025-07-23;40.254;56.683;1.5
ITAPERUNA;2025-07-23;39.957;56.533;1.5
ITAPERUNA;2025-07-23;39.952;65.376;1.5
ITAPERUNA;2025-07-23;42.837;61.864;1.5
ITAPERUNA;2025-07-23;38.714;62.71;1.5
ITAPERUNA;2025-07-23;45.007;64.24;1.5
ITAPERUNA;2025-07-23;38.547;64.564;1.5
ITAPERUNA;2025-07-23;40.07;55.885;1.5
ITAPERUNA;2025-07-23;38.412;63.244;1.5
ITAPERUNA;2025-07-23;40.753;57.747;1.5
ITAPERUNA;2025-07-23;38.91;55.912;1.5
ITAPERUNA;2025-07-23;39.348;55.931;1.5
ITAPERUNA;2025-07-23;39.647;66.413;1.5
ITAPERUNA;2025-07-23;38.582;56.74;1.5
ITAPERUNA;2025-07-23;38.374;56.937;1.5
ITAPERUNA;2025-07-23;40.835;77.576;1.5
ITAPERUNA;2025-07-23;36.322;54.469;1.5
ITAPERUNA;2025-07-23;35.802;52.889;1.5
ITAPERUNA;2025-07-23;40.184;58.717;1.5
ITAPERUNA;2025-07-23;76.479;121.411;1.5
ITAPERUNA;2025-07-23;66.689;92.544;1.5
ITAPERUNA;2025-07-23;54.571;98.476;1.5
ITAPERUNA;2025-07-23;80.812;97.748;1.5
ITAPERUNA;2025-07-23;35.29;58.671;1.5
ITAPERUNA;2025-07-23;44.345;54.242;1.5
ITAPERUNA;2025-07-23;60.577;61.963;1.5
ITAPERUNA;2025-07-23;32.55;40.39;1.5
ITAPERUNA;2025-07-23;49.458;63.834;1.5
MACAÉ;2025-07-23;48.458;42.335;1.5
MACAÉ;2025-07-23;48.142;44.616;1.5
MACAÉ;2025-07-23;48.564;43.327;1.5
MACAÉ;2025-07-23;47.47;43.929;1.5
MACAÉ;2025-07-23;47.986;44.081;1.5
MACAÉ;2025-07-23;83.716;111.119;1.5
MACAÉ;2025-07-23;46.963;43.012;1.5
MACAÉ;2025-07-23;46.429;40.627;1.5
MACAÉ;2025-07-23;46.703;41.344;1.5
MACAÉ;2025-07-23;45.643;40.816;1.5
MACAÉ;2025-07-23;45.157;40.286;1.5
MACAÉ;2025-07-23;44.775;38.635;1.5
MACAÉ;2025-07-23;67.083;63.934;1.5
MACAÉ;2025-07-23;75.651;70.367;1.5
MACAÉ;2025-07-23;77.346;70.082;1.5
MACAÉ;2025-07-23;70.385;87.06;1.5
MACAÉ;2025-07-23;27.619;37.67;1.5
MACAÉ;2025-07-23;72.615;74.633;1.5
MACAÉ;2025-07-23;51.737;58.213;1.5
MACAÉ;2025-07-23;48.054;62.741;1.5
MACAÉ;2025-07-23;49.679;61.703;1.5
MACAÉ;2025-07-23;55.654;59.793;1.5
MACAÉ;2025-07-23;9.321;9.46;1.5
MACAÉ;2025-07-23;21.973;22.373;1.5
MACAÉ;2025-07-23;10.253;9.955;1.5
MACAÉ;2025-07-23;26.399;28.676;1.5
MAGÉ;2025-07-23;22.277;26.668;1.6
MAGÉ;2025-07-23;17.054;16.366;1.6
MAGÉ;2025-07-23;37.797;57.437;1.6
MAGÉ;2025-07-23;18.038;23.901;1.6
MAGÉ;2025-07-23;15.359;15.861;1.6
MAGÉ;2025-07-23;15.437;15.004;1.6
MAGÉ;2025-07-23;26.712;39.173;1.6
MAGÉ;2025-07-23;15.319;30.081;1.6
MAGÉ;2025-07-23;15.25;16.245;1.6
MAGÉ;2025-07-23;14.666;18.219;1.6
MAGÉ;2025-07-23;15.673;14.853;1.6
MAGÉ;2025-07-23;13.987;16.652;1.6
MAGÉ;2025-07-23;14.217;13.464;1.6
MAGÉ;2025-07-23;13.603;16.385;1.6
MAGÉ;2025-07-23;12.215;11.229;1.6
MAGÉ;2025-07-23;11.547;12.767;1.6
MAGÉ;2025-07-23;11.838;10.001;1.6
MAGÉ;2025-07-23;12.167;13.661;1.6
MAGÉ;2025-07-23;10.518;9.967;1.6
MAGÉ;2025-07-23;23.607;19.359;1.6
MAGÉ;2025-07-23;9.39;9.661;1.6
MARICÁ;2025-07-23;43.09;58.575;1.7
MARICÁ;2025-07-23;26.375;37.835;1.7
MARICÁ;2025-07-23;22.672;29.954;1.7
MARICÁ;2025-07-23;27.533;29.522;1.7
MARICÁ;2025-07-23;24.011;26.561;1.7
MARICÁ;2025-07-23;17.237;16.389;1.7
MARICÁ;2025-07-23;28.529;38.743;1.7
MARICÁ;2025-07-23;18.882;19.583;1.7
MARICÁ;2025-07-23;27.275;30.439;1.7
MARICÁ;2025-07-23;25.434;24.4;1.7
MARICÁ;2025-07-23;20.01;18.416;1.7
MARICÁ;2025-07-23;20.093;29.573;1.7
MARICÁ;2025-07-23;17.911;27.069;1.7
MARICÁ;2025-07-23;15.509;30.615;1.7
MARICÁ;2025-07-23;14.818;16.721;1.7
MARICÁ;2025-07-23;12.438;14.289;1.7
MARICÁ;2025-07-23;12.388;13.305;1.7
MARICÁ;2025-07-23;7.941;8.432;1.7
MARICÁ;2025-07-23;5.615;4.209;1.7
MARICÁ;2025-07-23;5.678;4.174;1.7
MARICÁ;2025-07-23;10.023;10.748;1.7
MARICÁ;2025-07-23;6.844;6.757;1.7
MARICÁ;2025-07-23;8.494;7.133;1.7
NITERÓI;2025-07-23;6.411;10.609;1.7
NITERÓI;2025-07-23;10.076;12.031;1.7
NITERÓI;2025-07-23;11.082;16.397;1.7
NITERÓI;2025-07-23;5.817;6.477;1.7
NITERÓI;2025-07-23;4.744;5.945;1.7
NITERÓI;2025-07-23;4.879;7.642;1.7
NITERÓI;2025-07-23;4.251;4.663;1.7
NITERÓI;2025-07-23;3.91;4.938;1.7
NITERÓI;2025-07-23;5.398;7.058;1.7
NITERÓI;2025-07-23;1.2;5.547;1.7
PADUA;2025-07-23;36.854;39.052;1.6
PADUA;2025-07-23;34.202;29.275;1.6
PADUA;2025-07-23;67.364;78.892;1.6
PADUA;2025-07-23;35.893;33.14;1.6
PADUA;2025-07-23;22.168;16.306;1.6
PADUA;2025-07-23;23.744;23.077;1.6
PADUA;2025-07-23;58.062;70.786;1.6
PADUA;2025-07-23;23.34;21.086;1.6
PADUA;2025-07-23;20.778;17.308;1.6
PADUA;2025-07-23;20.813;16.237;1.6
PADUA;2025-07-23;19.436;14.512;1.6
PADUA;2025-07-23;16.666;12.633;1.6
PADUA;2025-07-23;22.554;21.324;1.6
PADUA;2025-07-23;56.081;72.375;1.6
PADUA;2025-07-23;40.156;50.257;1.6
PADUA;2025-07-23;22.029;21.441;1.6
PADUA;2025-07-23;6.216;5.689;1.6
PADUA;2025-07-23;3.703;3.989;1.6
PETROPOLIS;2025-07-23;12.887;13.37;2.1
PETROPOLIS;2025-07-23;16.627;15.03;2.1
PETROPOLIS;2025-07-23;18.86;23.795;2.1
PETROPOLIS;2025-07-23;18.441;28.381;2.1
PETROPOLIS;2025-07-23;13.967;13.377;2.1
PETROPOLIS;2025-07-23;11.171;14.155;2.1
PETROPOLIS;2025-07-23;14.679;17.19;2.1
PETROPOLIS;2025-07-23;13.875;10.523;2.1
PETROPOLIS;2025-07-23;13.176;13.881;2.1
PETROPOLIS;2025-07-23;15.649;19.581;2.1
PETROPOLIS;2025-07-23;13.817;17.176;2.1
PETROPOLIS;2025-07-23;15.371;23.337;2.1
PETROPOLIS;2025-07-23;11.934;12.624;2.1
PETROPOLIS;2025-07-23;12.102;13.037;2.1
PETROPOLIS;2025-07-23;12.396;13.637;2.1
PETROPOLIS;2025-07-23;11.277;12.158;2.1
PETROPOLIS;2025-07-23;9.371;16.172;2.1
PETROPOLIS;2025-07-23;9.384;9.132;2.1
PETROPOLIS;2025-07-23;6.919;7.327;2.1
PETROPOLIS;2025-07-23;8.861;9.533;2.1
PETROPOLIS;2025-07-23;9.635;14.617;2.1
PETROPOLIS;2025-07-23;10.35;10.662;2.1
PETROPOLIS;2025-07-23;7.977;13.466;2.1
PETROPOLIS;2025-07-23;9.322;9.227;2.1
PETROPOLIS;2025-07-23;7.292;6.451;2.1
PETROPOLIS;2025-07-23;8.747;12.371;2.1
PETROPOLIS;2025-07-23;4.527;5.891;2.1
PETROPOLIS;2025-07-23;5.532;13.428;2.1
PETROPOLIS;2025-07-23;5.303;9.971;2.1
PETROPOLIS;2025-07-23;7.404;11.109;2.1
PETROPOLIS;2025-07-23;3.186;5.679;2.1
PETROPOLIS;2025-07-23;3.431;6.123;2.1
RESENDE;2025-07-23;57.971;93.69;1.5
RESENDE;2025-07-23;59.297;98.616;1.5
RESENDE;2025-07-23;56.471;90.092;1.5
RESENDE;2025-07-23;62.062;118.422;1.5
RESENDE;2025-07-23;69.994;162.655;1.5
RESENDE;2025-07-23;57.906;96.957;1.5
RESENDE;2025-07-23;55.695;80.465;1.5
RESENDE;2025-07-23;57.606;92.202;1.5
RESENDE;2025-07-23;67.795;91.531;1.5
RESENDE;2025-07-23;65.737;125.568;1.5
RESENDE;2025-07-23;58.022;101.933;1.5
RESENDE;2025-07-23;94.489;178.533;1.5
RESENDE;2025-07-23;57.022;90.869;1.5
RESENDE;2025-07-23;57.844;114.536;1.5
RESENDE;2025-07-23;59.939;86.191;1.5
RESENDE;2025-07-23;16.293;16.419;1.5
RESENDE;2025-07-23;20.609;21.541;1.5
RESENDE;2025-07-23;10.814;15.768;1.5
RESENDE;2025-07-23;13.942;18.849;1.5
RESENDE;2025-07-23;6.077;14.526;1.5
RESENDE;2025-07-23;6.872;8.224;1.5
RESENDE;2025-07-23;1.039;5.494;1.5
RESENDE;2025-07-23;1.145;4.474;1.5
SÃO GONÇALO;2025-07-23;15.605;14.602;1.5
SÃO GONÇALO;2025-07-23;21.847;38.502;1.5
SÃO GONÇALO;2025-07-23;14.922;15.891;1.5
SÃO GONÇALO;2025-07-23;14.4;17.055;1.5
SÃO GONÇALO;2025-07-23;12.783;11.43;1.5
SÃO GONÇALO;2025-07-23;13.608;12.049;1.5
SÃO GONÇALO;2025-07-23;10.045;9.823;1.5
SÃO GONÇALO;2025-07-23;10.0;11.974;1.5
SÃO GONÇALO;2025-07-23;8.196;10.095;1.5
SÃO GONÇALO;2025-07-23;13.653;13.239;1.5
SÃO GONÇALO;2025-07-23;14.063;16.343;1.5
SÃO GONÇALO;2025-07-23;8.053;8.993;1.5
SÃO GONÇALO;2025-07-23;8.963;11.901;1.5
SÃO GONÇALO;2025-07-23;7.851;8.222;1.5
SÃO GONÇALO;2025-07-23;5.049;5.966;1.5
SÃO GONÇALO;2025-07-23;7.185;7.851;1.5
SÃO GONÇALO;2025-07-23;9.786;8.953;1.5
SÃO GONÇALO;2025-07-23;5.456;9.649;1.5
SÃO GONÇALO;2025-07-23;4.125;8.336;1.5
SÃO GONÇALO;2025-07-23;3.615;4.039;1.5
SÃO GONÇALO;2025-07-23;5.917;8.92;1.5
TERESOPOLIS;2025-07-23;8.215;6.601;2.0
TERESOPOLIS;2025-07-23;9.295;9.127;2.0
TERESOPOLIS;2025-07-23;8.398;8.905;2.0
TERESOPOLIS;2025-07-23;14.287;13.204;2.0
TERESOPOLIS;2025-07-23;10.191;13.096;2.0
TERESOPOLIS;2025-07-23;10.727;8.589;2.0
TERESOPOLIS;2025-07-23;7.612;6.75;2.0
TERESOPOLIS;2025-07-23;8.398;9.774;2.0
TERESOPOLIS;2025-07-23;14.014;14.637;2.0
TERESOPOLIS;2025-07-23;7.101;12.168;2.0
TERESOPOLIS;2025-07-23;9.149;6.625;2.0
TERESOPOLIS;2025-07-23;5.022;4.362;2.0
TERESOPOLIS;2025-07-23;8.005;8.409;2.0
TERESOPOLIS;2025-07-23;10.067;12.214;2.0
TERESOPOLIS;2025-07-23;9.111;15.78;2.0
TERESOPOLIS;2025-07-23;9.029;9.472;2.0
TERESOPOLIS;2025-07-23;5.722;7.183;2.0
TERESOPOLIS;2025-07-23;3.892;6.145;2.0
TERESOPOLIS;2025-07-23;5.183;6.921;2.0
TERESOPOLIS;2025-07-23;4.056;6.012;2.0
TERESOPOLIS;2025-07-23;4.432;3.959;2.0
ANGRA;2025-07-23;12.583;13.088;1.8
ANGRA;2025-07-23;13.133;13.396;1.8
ANGRA;2025-07-23;13.636;11.619;1.8
ANGRA;2025-07-23;12.273;13.079;1.8
ANGRA;2025-07-23;11.846;11.38;1.8
ANGRA;2025-07-23;14.942;12.02;1.8
ANGRA;2025-07-23;11.986;11.311;1.8
ANGRA;2025-07-23;13.225;13.75;1.8
ANGRA;2025-07-23;11.585;11.778;1.8
ANGRA;2025-07-23;12.075;11.955;1.8
ANGRA;2025-07-23;23.207;17.389;1.8
ANGRA;2025-07-23;11.625;10.423;1.8
ANGRA;2025-07-23;14.362;11.514;1.8
ANGRA;2025-07-23;20.2;20.805;1.8
ANGRA;2025-07-23;11.862;13.651;1.8
ANGRA;2025-07-23;11.474;9.91;1.8
ANGRA;2025-07-23;8.537;13.549;1.8
ANGRA;2025-07-23;7.809;15.529;1.8
ANGRA;2025-07-23;8.83;13.505;1.8
ANGRA;2025-07-23;3.118;4.268;1.8
ARARUAMA;2025-07-23;24.66;23.005;1.6
ARARUAMA;2025-07-23;23.069;29.472;1.6
ARARUAMA;2025-07-23;21.746;20.548;1.6
ARARUAMA;2025-07-23;23.596;20.692;1.6
ARARUAMA;2025-07-23;20.893;18.997;1.6
ARARUAMA;2025-07-23;21.532;17.497;1.6
ARARUAMA;2025-07-23;20.059;17.304;1.6
ARARUAMA;2025-07-23;19.137;15.629;1.6
ARARUAMA;2025-07-23;22.019;25.47;1.6
ARARUAMA;2025-07-23;23.785;23.955;1.6
ARARUAMA;2025-07-23;17.376;13.588;1.6
ARARUAMA;2025-07-23;18.844;14.689;1.6
ARARUAMA;2025-07-23;23.732;21.425;1.6
ARARUAMA;2025-07-23;16.712;14.552;1.6
ARARUAMA;2025-07-23;16.723;17.149;1.6
ARARUAMA;2025-07-23;14.908;12.052;1.6
ARARUAMA;2025-07-23;19.615;16.695;1.6
ARARUAMA;2025-07-23;16.296;12.78;1.6
ARARUAMA;2025-07-23;14.922;10.372;1.6
ARARUAMA;2025-07-23;16.829;16.79;1.6
ARARUAMA;2025-07-23;13.538;10.733;1.6
ARARUAMA;2025-07-23;17.083;16.751;1.6
ARARUAMA;2025-07-23;26.43;23.559;1.6
ARARUAMA;2025-07-23;13.217;11.578;1.6
ARARUAMA;2025-07-23;29.953;31.504;1.6
ARARUAMA;2025-07-23;14.058;12.989;1.6
ARARUAMA;2025-07-23;13.646;17.092;1.6
ARARUAMA;2025-07-23;12.922;12.659;1.6
ARARUAMA;2025-07-23;9.107;9.372;1.6
ARARUAMA;2025-07-23;9.956;9.571;1.6
CABO FRIO;2025-07-23;15.533;14.922;1.6
CABO FRIO;2025-07-23;10.265;10.088;1.6
CABO FRIO;2025-07-23;8.942;8.712;1.6
CABO FRIO;2025-07-23;8.244;7.874;1.6
CABO FRIO;2025-07-23;6.804;7.086;1.6
CABO FRIO;2025-07-23;8.066;7.458;1.6
CABO FRIO;2025-07-23;9.74;9.575;1.6
CABO FRIO;2025-07-23;6.323;6.008;1.6
CABO FRIO;2025-07-23;9.631;17.308;1.6
CABO FRIO;2025-07-23;8.979;10.768;1.6
CABO FRIO;2025-07-23;7.647;8.098;1.6
CABO FRIO;2025-07-23;5.441;6.274;1.6
CABO FRIO;2025-07-23;5.915;5.639;1.6
CABO FRIO;2025-07-23;5.614;7.227;1.6
CABO FRIO;2025-07-23;3.112;3.854;1.6
CABO FRIO;2025-07-23;5.13;5.774;1.6
CABO FRIO;2025-07-23;5.053;6.314;1.6
CABO FRIO;2025-07-23;3.822;4.538;1.6
CABO FRIO;2025-07-23;2.883;2.72;1.6
CABO FRIO;2025-07-23;3.286;4.186;1.6
CAMPOS;2025-07-23;51.653;50.096;1.3
CAMPOS;2025-07-23;58.518;78.906;1.3
CAMPOS;2025-07-23;86.032;85.916;1.3
CAMPOS;2025-07-23;65.297;81.708;1.3
CAMPOS;2025-07-23;53.96;62.576;1.3
CAMPOS;2025-07-23;57.058;76.086;1.3
CAMPOS;2025-07-23;58.103;63.011;1.3
CAMPOS;2025-07-23;39.342;44.188;1.3
CAMPOS;2025-07-23;38.88;41.857;1.3
CAMPOS;2025-07-23;45.794;57.824;1.3
CAMPOS;2025-07-23;34.606;41.954;1.3
CAMPOS;2025-07-23;69.896;78.985;1.3
CAMPOS;2025-07-23;56.098;62.971;1.3
CAMPOS;2025-07-23;34.857;52.065;1.3
CAMPOS;2025-07-23;39.821;37.941;1.3
CAMPOS;2025-07-23;57.095;57.64;1.3
CAMPOS;2025-07-23;31.876;41.02;1.3
CAMPOS;2025-07-23;27.163;33.006;1.3
CAMPOS;2025-07-23;34.676;39.849;1.3
CAMPOS;2025-07-23;23.077;27.848;1.3
CAMPOS;2025-07-23;32.768;42.25;1.3
CAMPOS;2025-07-23;28.088;37.398;1.3
CAMPOS;2025-07-23;29.648;51.736;1.3
CAMPOS;2025-07-23;22.324;24.943;1.3
CAMPOS;2025-07-23;20.567;20.697;1.3
CANTAGALO;2025-07-23;124.801;165.587;1.9
CANTAGALO;2025-07-23;91.505;69.622;1.9
CANTAGALO;2025-07-23;144.769;179.857;1.9
CANTAGALO;2025-07-23;101.439;79.022;1.9
CANTAGALO;2025-07-23;136.146;140.799;1.9
CANTAGALO;2025-07-23;131.382;133.394;1.9
CANTAGALO;2025-07-23;135.072;135.026;1.9
CANTAGALO;2025-07-23;77.812;61.974;1.9
CANTAGALO;2025-07-23;177.143;301.222;1.9
CANTAGALO;2025-07-23;130.469;136.956;1.9
CANTAGALO;2025-07-23;99.684;130.363;1.9
CANTAGALO;2025-07-23;81.309;83.764;1.9
CANTAGALO;2025-07-23;86.003;110.075;1.9
CANTAGALO;2025-07-23;87.259;111.252;1.9
CANTAGALO;2025-07-23;100.025;106.237;1.9
CANTAGALO;2025-07-23;104.852;100.062;1.9
CANTAGALO;2025-07-23;70.873;89.821;1.9
CANTAGALO;2025-07-23;102.009;121.351;1.9
CANTAGALO;2025-07-23;62.854;47.542;1.9
CANTAGALO;2025-07-23;65.215;61.875;1.9
CANTAGALO;2025-07-23;52.422;62.799;1.9
CANTAGALO;2025-07-23;52.94;58.213;1.9
CANTAGALO;2025-07-23;46.612;58.41;1.9
CANTAGALO;2025-07-23;38.069;62.928;1.9
CANTAGALO;2025-07-23;56.835;79.53;1.9
CANTAGALO;2025-07-23;56.406;72.133;1.9
CANTAGALO;2025-07-23;43.955;51.74;1.9
DUQUE DE CAXIAS;2025-07-23;4.675;6.178;1.4
DUQUE DE CAXIAS;2025-07-23;5.779;7.844;1.4
DUQUE DE CAXIAS;2025-07-23;5.867;5.589;1.4
DUQUE DE CAXIAS;2025-07-23;5.602;12.372;1.4
DUQUE DE CAXIAS;2025-07-23;4.81;7.49;1.4
DUQUE DE CAXIAS;2025-07-23;6.478;6.885;1.4
DUQUE DE CAXIAS;2025-07-23;5.38;5.776;1.4
DUQUE DE CAXIAS;2025-07-23;3.704;11.345;1.4
DUQUE DE CAXIAS;2025-07-23;3.463;3.822;1.4
DUQUE DE CAXIAS;2025-07-23;3.68;5.396;1.4
DUQUE DE CAXIAS;2025-07-23;3.472;4.053;1.4
ITABORAÍ;2025-07-23;26.776;24.415;1.4
ITABORAÍ;2025-07-23;25.175;27.18;1.4
ITABORAÍ;2025-07-23;24.412;23.115;1.4
ITABORAÍ;2025-07-23;31.262;35.959;1.4
ITABORAÍ;2025-07-23;28.125;35.697;1.4
ITABORAÍ;2025-07-23;21.832;23.018;1.4
ITABORAÍ;2025-07-23;21.52;21.465;1.4
ITABORAÍ;2025-07-23;19.874;20.822;1.4
ITABORAÍ;2025-07-23;16.582;20.595;1.4
ITABORAÍ;2025-07-23;16.228;16.472;1.4
ITABORAÍ;2025-07-23;21.459;28.79;1.4
ITABORAÍ;2025-07-23;12.033;14.625;1.4
ITABORAÍ;2025-07-23;22.492;24.72;1.4
ITABORAÍ;2025-07-23;21.069;27.999;1.4
ITABORAÍ;2025-07-23;10.552;16.448;1.4
ITABORAÍ;2025-07-23;6.655;9.165;1.4
ITABORAÍ;2025-07-23;6.674;9.799;1.4
ITABORAÍ;2025-07-23;12.184;19.336;1.4
ITABORAÍ;2025-07-23;9.013;8.88;1.4
ITABORAÍ;2025-07-23;8.523;15.161;1.4
ITABORAÍ;2025-07-23;6.35;8.372;1.4
ITABORAÍ;2025-07-23;9.515;11.983;1.4
ITABORAÍ;2025-07-23;6.458;11.446;1.4
ITABORAÍ;2025-07-23;3.816;9.411;1.4
ITAPERUNA;2025-07-23;40.254;56.683;1.5
ITAPERUNA;2025-07-23;39.957;56.533;1.5
ITAPERUNA;2025-07-23;39.952;65.376;1.5
ITAPERUNA;2025-07-23;42.837;61.864;1.5
ITAPERUNA;2025-07-23;38.714;62.71;1.5
ITAPERUNA;2025-07-23;44.749;64.249;1.5
ITAPERUNA;2025-07-23;38.547;64.564;1.5
ITAPERUNA;2025-07-23;40.07;55.885;1.5
ITAPERUNA;2025-07-23;38.412;63.244;1.5
ITAPERUNA;2025-07-23;40.753;57.747;1.5
ITAPERUNA;2025-07-23;38.91;55.912;1.5
ITAPERUNA;2025-07-23;39.348;55.931;1.5
ITAPERUNA;2025-07-23;39.647;66.413;1.5
ITAPERUNA;2025-07-23;38.582;56.74;1.5
ITAPERUNA;2025-07-23;38.374;56.937;1.5
ITAPERUNA;2025-07-23;40.835;77.576;1.5
ITAPERUNA;2025-07-23;36.322;54.469;1.5
ITAPERUNA;2025-07-23;35.802;52.889;1.5
ITAPERUNA;2025-07-23;40.184;58.717;1.5
ITAPERUNA;2025-07-23;76.479;121.411;1.5
ITAPERUNA;2025-07-23;66.689;92.544;1.5
ITAPERUNA;2025-07-23;54.571;98.476;1.5
ITAPERUNA;2025-07-23;80.812;97.748;1.5
ITAPERUNA;2025-07-23;35.29;58.671;1.5
ITAPERUNA;2025-07-23;44.345;54.242;1.5
ITAPERUNA;2025-07-23;60.577;61.963;1.5
ITAPERUNA;2025-07-23;32.55;40.39;1.5
ITAPERUNA;2025-07-23;49.458;63.834;1.5
MACAÉ;2025-07-23;48.458;42.335;1.5
MACAÉ;2025-07-23;48.142;44.616;1.5
MACAÉ;2025-07-23;48.564;43.327;1.5
MACAÉ;2025-07-23;47.47;43.929;1.5
MACAÉ;2025-07-23;47.986;44.081;1.5
MACAÉ;2025-07-23;83.716;111.119;1.5
MACAÉ;2025-07-23;46.963;43.012;1.5
MACAÉ;2025-07-23;46.429;40.627;1.5
MACAÉ;2025-07-23;46.703;41.344;1.5
MACAÉ;2025-07-23;45.643;40.816;1.5
MACAÉ;2025-07-23;45.157;40.286;1.5
MACAÉ;2025-07-23;44.775;38.635;1.5
MACAÉ;2025-07-23;67.083;63.934;1.5
MACAÉ;2025-07-23;75.651;70.367;1.5
MACAÉ;2025-07-23;77.346;70.082;1.5
MACAÉ;2025-07-23;70.385;87.06;1.5
MACAÉ;2025-07-23;27.619;37.67;1.5
MACAÉ;2025-07-23;72.615;74.633;1.5
MACAÉ;2025-07-23;51.737;58.213;1.5
MACAÉ;2025-07-23;48.054;62.741;1.5
MACAÉ;2025-07-23;49.679;61.703;1.5
MACAÉ;2025-07-23;55.654;59.793;1.5
MACAÉ;2025-07-23;9.321;9.46;1.5
MACAÉ;2025-07-23;21.973;22.373;1.5
MACAÉ;2025-07-23;10.253;9.955;1.5
MACAÉ;2025-07-23;26.399;28.676;1.5
MAGÉ;2025-07-23;22.277;26.668;1.6
MAGÉ;2025-07-23;17.054;16.366;1.6
MAGÉ;2025-07-23;37.797;57.437;1.6
MAGÉ;2025-07-23;18.138;23.901;1.6
MAGÉ;2025-07-23;15.359;15.861;1.6
MAGÉ;2025-07-23;15.786;15.004;1.6
MAGÉ;2025-07-23;26.712;39.173;1.6
MAGÉ;2025-07-23;15.319;30.081;1.6
MAGÉ;2025-07-23;15.25;16.245;1.6
MAGÉ;2025-07-23;14.666;18.219;1.6
MAGÉ;2025-07-23;15.673;14.853;1.6
MAGÉ;2025-07-23;13.987;16.652;1.6
MAGÉ;2025-07-23;14.217;13.464;1.6
MAGÉ;2025-07-23;13.603;16.385;1.6
MAGÉ;2025-07-23;12.215;11.229;1.6
MAGÉ;2025-07-23;11.547;12.767;1.6
MAGÉ;2025-07-23;11.838;10.001;1.6
MAGÉ;2025-07-23;12.167;13.661;1.6
MAGÉ;2025-07-23;10.518;9.967;1.6
MAGÉ;2025-07-23;23.607;19.359;1.6
MAGÉ;2025-07-23;9.39;9.661;1.6
MARICÁ;2025-07-23;43.09;58.575;1.7
MARICÁ;2025-07-23;26.375;37.835;1.7
MARICÁ;2025-07-23;22.672;29.954;1.7
MARICÁ;2025-07-23;27.533;29.522;1.7
MARICÁ;2025-07-23;24.011;26.561;1.7
MARICÁ;2025-07-23;17.237;16.389;1.7
MARICÁ;2025-07-23;28.529;38.743;1.7
MARICÁ;2025-07-23;18.882;19.583;1.7
MARICÁ;2025-07-23;27.275;30.439;1.7
MARICÁ;2025-07-23;25.434;24.4;1.7
MARICÁ;2025-07-23;20.01;18.416;1.7
MARICÁ;2025-07-23;20.093;29.573;1.7
MARICÁ;2025-07-23;17.911;27.069;1.7
MARICÁ;2025-07-23;15.509;30.615;1.7
MARICÁ;2025-07-23;14.818;16.721;1.7
MARICÁ;2025-07-23;12.438;14.289;1.7
MARICÁ;2025-07-23;12.388;13.305;1.7
MARICÁ;2025-07-23;7.941;8.432;1.7
MARICÁ;2025-07-23;5.615;4.209;1.7
MARICÁ;2025-07-23;5.678;4.174;1.7
MARICÁ;2025-07-23;10.023;10.748;1.7
MARICÁ;2025-07-23;6.844;6.757;1.7
MARICÁ;2025-07-23;8.494;7.133;1.7
NITERÓI;2025-07-23;6.411;10.609;1.7
NITERÓI;2025-07-23;10.076;12.031;1.7
NITERÓI;2025-07-23;11.082;16.397;1.7
NITERÓI;2025-07-23;5.817;6.477;1.7
NITERÓI;2025-07-23;4.744;5.945;1.7
NITERÓI;2025-07-23;4.879;7.642;1.7
NITERÓI;2025-07-23;4.251;4.663;1.7
NITERÓI;2025-07-23;3.91;4.938;1.7
NITERÓI;2025-07-23;5.398;7.058;1.7
NITERÓI;2025-07-23;1.2;5.547;1.7
PADUA;2025-07-23;36.854;39.052;1.6
PADUA;2025-07-23;34.202;29.275;1.6
PADUA;2025-07-23;67.364;78.892;1.6
PADUA;2025-07-23;35.893;33.14;1.6
PADUA;2025-07-23;22.168;16.306;1.6
PADUA;2025-07-23;23.744;23.077;1.6
PADUA;2025-07-23;58.062;70.786;1.6
PADUA;2025-07-23;23.34;21.086;1.6
PADUA;2025-07-23;20.778;17.308;1.6
PADUA;2025-07-23;20.813;16.237;1.6
PADUA;2025-07-23;19.436;14.512;1.6
PADUA;2025-07-23;16.666;12.633;1.6
PADUA;2025-07-23;22.554;21.324;1.6
PADUA;2025-07-23;56.081;72.375;1.6
PADUA;2025-07-23;40.156;50.257;1.6
PADUA;2025-07-23;22.029;21.441;1.6
PADUA;2025-07-23;6.216;5.689;1.6
PADUA;2025-07-23;3.703;3.989;1.6
PETROPOLIS;2025-07-23;12.887;13.37;2.1
PETROPOLIS;2025-07-23;16.627;15.03;2.1
PETROPOLIS;2025-07-23;18.86;23.795;2.1
PETROPOLIS;2025-07-23;18.441;28.381;2.1
PETROPOLIS;2025-07-23;13.967;13.377;2.1
PETROPOLIS;2025-07-23;11.171;14.155;2.1
PETROPOLIS;2025-07-23;14.679;17.19;2.1
PETROPOLIS;2025-07-23;13.875;10.523;2.1
PETROPOLIS;2025-07-23;13.176;13.881;2.1
PETROPOLIS;2025-07-23;15.649;19.581;2.1
PETROPOLIS;2025-07-23;13.721;16.869;2.1
PETROPOLIS;2025-07-23;15.371;23.337;2.1
PETROPOLIS;2025-07-23;11.934;12.624;2.1
PETROPOLIS;2025-07-23;12.102;13.037;2.1
PETROPOLIS;2025-07-23;12.396;13.637;2.1
PETROPOLIS;2025-07-23;11.277;12.158;2.1
PETROPOLIS;2025-07-23;9.371;16.172;2.1
PETROPOLIS;2025-07-23;9.384;9.132;2.1
PETROPOLIS;2025-07-23;6.919;7.327;2.1
PETROPOLIS;2025-07-23;8.861;9.533;2.1
PETROPOLIS;2025-07-23;9.635;14.617;2.1
PETROPOLIS;2025-07-23;10.35;10.662;2.1
PETROPOLIS;2025-07-23;7.977;13.466;2.1
PETROPOLIS;2025-07-23;9.322;9.227;2.1
PETROPOLIS;2025-07-23;7.292;6.451;2.1
PETROPOLIS;2025-07-23;8.747;12.371;2.1
PETROPOLIS;2025-07-23;4.527;5.891;2.1
PETROPOLIS;2025-07-23;5.532;13.428;2.1
PETROPOLIS;2025-07-23;5.303;9.971;2.1
PETROPOLIS;2025-07-23;7.404;11.109;2.1
PETROPOLIS;2025-07-23;3.186;5.679;2.1
PETROPOLIS;2025-07-23;3.431;6.123;2.1
RESENDE;2025-07-23;57.971;93.69;1.5
RESENDE;2025-07-23;59.297;98.616;1.5
RESENDE;2025-07-23;56.471;90.092;1.5
RESENDE;2025-07-23;62.062;118.422;1.5
RESENDE;2025-07-23;69.994;162.655;1.5
RESENDE;2025-07-23;57.906;96.957;1.5
RESENDE;2025-07-23;55.695;80.465;1.5
RESENDE;2025-07-23;57.606;92.202;1.5
RESENDE;2025-07-23;67.795;91.531;1.5
RESENDE;2025-07-23;65.736;125.568;1.5
RESENDE;2025-07-23;58.022;101.933;1.5
RESENDE;2025-07-23;94.489;178.533;1.5
RESENDE;2025-07-23;57.022;90.869;1.5
RESENDE;2025-07-23;57.844;114.536;1.5
RESENDE;2025-07-23;59.939;86.191;1.5
RESENDE;2025-07-23;16.293;16.419;1.5
RESENDE;2025-07-23;20.609;21.541;1.5
RESENDE;2025-07-23;10.814;15.768;1.5
RESENDE;2025-07-23;13.942;18.849;1.5
RESENDE;2025-07-23;6.077;14.526;1.5
RESENDE;2025-07-23;6.872;8.224;1.5
RESENDE;2025-07-23;1.039;5.494;1.5
RESENDE;2025-07-23;1.145;4.474;1.5
SÃO GONÇALO;2025-07-23;15.605;14.602;1.5
SÃO GONÇALO;2025-07-23;21.847;38.502;1.5
SÃO GONÇALO;2025-07-23;14.922;15.891;1.5
SÃO GONÇALO;2025-07-23;14.4;17.055;1.5
SÃO GONÇALO;2025-07-23;12.783;11.43;1.5
SÃO GONÇALO;2025-07-23;13.608;12.049;1.5
SÃO GONÇALO;2025-07-23;10.045;9.823;1.5
SÃO GONÇALO;2025-07-23;10.0;11.974;1.5
SÃO GONÇALO;2025-07-23;8.196;10.095;1.5
SÃO GONÇALO;2025-07-23;13.653;13.239;1.5
SÃO GONÇALO;2025-07-23;14.063;16.343;1.5
SÃO GONÇALO;2025-07-23;8.053;8.993;1.5
SÃO GONÇALO;2025-07-23;8.963;11.901;1.5
SÃO GONÇALO;2025-07-23;7.851;8.222;1.5
SÃO GONÇALO;2025-07-23;4.87;5.966;1.5
SÃO GONÇALO;2025-07-23;7.185;7.851;1.5
SÃO GONÇALO;2025-07-23;9.786;8.953;1.5
SÃO GONÇALO;2025-07-23;5.456;9.649;1.5
SÃO GONÇALO;2025-07-23;4.125;8.336;1.5
SÃO GONÇALO;2025-07-23;3.615;4.039;1.5
SÃO GONÇALO;2025-07-23;5.917;8.92;1.5
TERESOPOLIS;2025-07-23;8.215;6.601;2.0
TERESOPOLIS;2025-07-23;9.295;9.127;2.0
TERESOPOLIS;2025-07-23;8.398;8.905;2.0
TERESOPOLIS;2025-07-23;14.287;13.204;2.0
TERESOPOLIS;2025-07-23;10.191;13.096;2.0
TERESOPOLIS;2025-07-23;10.727;8.589;2.0
TERESOPOLIS;2025-07-23;7.612;6.75;2.0
TERESOPOLIS;2025-07-23;8.398;9.774;2.0
TERESOPOLIS;2025-07-23;14.014;14.637;2.0
TERESOPOLIS;2025-07-23;7.101;12.168;2.0
TERESOPOLIS;2025-07-23;9.149;6.625;2.0
TERESOPOLIS;2025-07-23;5.022;4.362;2.0
TERESOPOLIS;2025-07-23;8.005;8.409;2.0
TERESOPOLIS;2025-07-23;10.067;12.214;2.0
TERESOPOLIS;2025-07-23;9.111;15.78;2.0
TERESOPOLIS;2025-07-23;9.029;9.472;2.0
TERESOPOLIS;2025-07-23;5.722;7.183;2.0
TERESOPOLIS;2025-07-23;3.892;6.145;2.0
TERESOPOLIS;2025-07-23;5.183;6.921;2.0
TERESOPOLIS;2025-07-23;4.056;6.012;2.0
TERESOPOLIS;2025-07-23;4.432;3.959;2.0
ANGRA;2025-07-23;57.542;45.572;1.8
ANGRA;2025-07-23;60.495;47.186;1.8
ANGRA;2025-07-23;52.821;51.324;1.8
ANGRA;2025-07-23;58.595;47.924;1.8
ANGRA;2025-07-23;39.146;28.217;1.8
ANGRA;2025-07-23;58.971;63.723;1.8
ANGRA;2025-07-23;76.802;100.997;1.8
ANGRA;2025-07-23;43.217;48.138;1.8
ANGRA;2025-07-23;33.802;47.905;1.8
ANGRA;2025-07-23;43.712;39.883;1.8
ANGRA;2025-07-23;50.393;44.085;1.8
ANGRA;2025-07-23;32.594;25.71;1.8
ANGRA;2025-07-23;28.986;29.433;1.8
ANGRA;2025-07-23;28.138;27.542;1.8
ANGRA;2025-07-23;14.949;13.072;1.8
ANGRA;2025-07-23;14.852;13.344;1.8
ANGRA;2025-07-23;14.741;13.027;1.8
ANGRA;2025-07-23;14.992;12.712;1.8
ANGRA;2025-07-23;15.101;13.066;1.8
ANGRA;2025-07-23;14.25;12.563;1.8
ANGRA;2025-07-23;14.678;12.561;1.8
ANGRA;2025-07-23;14.312;12.938;1.8
ANGRA;2025-07-23;15.392;12.365;1.8
ANGRA;2025-07-23;25.628;35.101;1.8
ANGRA;2025-07-23;14.195;12.33;1.8
ANGRA;2025-07-23;14.877;12.187;1.8
ANGRA;2025-07-23;14.172;12.063;1.8
ANGRA;2025-07-23;14.4;11.716;1.8
ANGRA;2025-07-23;17.479;14.627;1.8
ANGRA;2025-07-23;14.303;13.292;1.8
ANGRA;2025-07-23;14.111;12.742;1.8
ANGRA;2025-07-23;14.275;12.7;1.8
ANGRA;2025-07-23;14.152;13.997;1.8
ANGRA;2025-07-23;13.744;14.101;1.8
ANGRA;2025-07-23;19.963;20.939;1.8
ANGRA;2025-07-23;25.467;23.991;1.8
ANGRA;2025-07-23;15.77;12.901;1.8
ANGRA;2025-07-23;15.711;14.987;1.8
ANGRA;2025-07-23;12.615;13.204;1.8
ANGRA;2025-07-23;13.794;12.777;1.8
ANGRA;2025-07-23;15.58;12.739;1.8
ANGRA;2025-07-23;12.283;11.92;1.8
ANGRA;2025-07-23;13.931;13.953;1.8
ANGRA;2025-07-23;12.79;11.952;1.8
ANGRA;2025-07-23;15.693;12.778;1.8
ANGRA;2025-07-23;13.697;14.457;1.8
ANGRA;2025-07-23;10.344;16.031;1.8
ANGRA;2025-07-23;17.719;17.062;1.8
ANGRA;2025-07-23;4.834;5.111;1.8
ARARUAMA;2025-07-23;37.694;37.499;1.6
ARARUAMA;2025-07-23;38.351;37.844;1.6
ARARUAMA;2025-07-23;40.748;39.228;1.6
ARARUAMA;2025-07-23;37.902;36.912;1.6
ARARUAMA;2025-07-23;38.952;38.562;1.6
ARARUAMA;2025-07-23;37.44;37.231;1.6
ARARUAMA;2025-07-23;36.317;34.633;1.6
ARARUAMA;2025-07-23;37.93;38.672;1.6
ARARUAMA;2025-07-23;35.768;34.454;1.6
ARARUAMA;2025-07-23;38.004;37.46;1.6
ARARUAMA;2025-07-23;46.63;63.979;1.6
ARARUAMA;2025-07-23;35.552;40.166;1.6
ARARUAMA;2025-07-23;48.034;47.965;1.6
ARARUAMA;2025-07-23;78.779;66.954;1.6
ARARUAMA;2025-07-23;44.978;42.612;1.6
ARARUAMA;2025-07-23;37.138;39.391;1.6
ARARUAMA;2025-07-23;37.791;35.175;1.6
ARARUAMA;2025-07-23;32.286;34.287;1.6
ARARUAMA;2025-07-23;32.111;32.515;1.6
ARARUAMA;2025-07-23;32.213;30.973;1.6
ARARUAMA;2025-07-23;37.824;42.606;1.6
ARARUAMA;2025-07-23;39.13;34.472;1.6
ARARUAMA;2025-07-23;31.813;27.802;1.6
ARARUAMA;2025-07-23;33.164;38.344;1.6
ARARUAMA;2025-07-23;27.964;33.386;1.6
ARARUAMA;2025-07-23;33.464;31.028;1.6
ARARUAMA;2025-07-23;31.058;30.693;1.6
ARARUAMA;2025-07-23;30.431;30.636;1.6
ARARUAMA;2025-07-23;31.927;33.472;1.6
ARARUAMA;2025-07-23;28.712;27.634;1.6
ARARUAMA;2025-07-23;29.844;26.019;1.6
ARARUAMA;2025-07-23;31.004;27.229;1.6
ARARUAMA;2025-07-23;23.556;22.308;1.6
ARARUAMA;2025-07-23;20.875;17.146;1.6
ARARUAMA;2025-07-23;24.529;30.428;1.6
ARARUAMA;2025-07-23;30.026;25.981;1.6
ARARUAMA;2025-07-23;22.143;19.137;1.6
ARARUAMA;2025-07-23;21.33;20.083;1.6
ARARUAMA;2025-07-23;27.295;23.656;1.6
ARARUAMA;2025-07-23;17.118;13.767;1.6
ARARUAMA;2025-07-23;18.27;19.649;1.6
ARARUAMA;2025-07-23;16.274;12.588;1.6
ARARUAMA;2025-07-23;21.428;23.521;1.6
ARARUAMA;2025-07-23;30.091;24.684;1.6
ARARUAMA;2025-07-23;15.074;12.974;1.6
ARARUAMA;2025-07-23;48.457;52.739;1.6
ARARUAMA;2025-07-23;17.572;17.761;1.6
ARARUAMA;2025-07-23;15.577;12.905;1.6
ARARUAMA;2025-07-23;19.453;23.348;1.6
ARARUAMA;2025-07-23;14.422;12.73;1.6
CAMPOS;2025-07-23;110.774;119.293;1.3
CAMPOS;2025-07-23;130.704;157.224;1.3
CAMPOS;2025-07-23;109.648;116.516;1.3
CAMPOS;2025-07-23;130.204;179.515;1.3
CAMPOS;2025-07-23;138.216;185.551;1.3
CAMPOS;2025-07-23;108.47;168.534;1.3
CAMPOS;2025-07-23;148.896;215.293;1.3
CAMPOS;2025-07-23;150.041;220.806;1.3
CAMPOS;2025-07-23;104.597;109.498;1.3
CAMPOS;2025-07-23;98.793;104.352;1.3
CAMPOS;2025-07-23;96.445;101.705;1.3
CAMPOS;2025-07-23;95.904;102.638;1.3
CAMPOS;2025-07-23;159.159;212.816;1.3
CAMPOS;2025-07-23;95.547;101.683;1.3
CAMPOS;2025-07-23;93.626;99.013;1.3
CAMPOS;2025-07-23;93.083;100.042;1.3
CAMPOS;2025-07-23;123.413;178.51;1.3
CAMPOS;2025-07-23;137.608;169.435;1.3
CAMPOS;2025-07-23;93.305;170.087;1.3
CAMPOS;2025-07-23;91.291;167.146;1.3
CAMPOS;2025-07-23;86.978;163.559;1.3
CAMPOS;2025-07-23;133.173;195.012;1.3
CAMPOS;2025-07-23;96.172;127.45;1.3
CAMPOS;2025-07-23;112.602;141.143;1.3
CAMPOS;2025-07-23;112.827;162.994;1.3
CAMPOS;2025-07-23;130.35;159.432;1.3
CAMPOS;2025-07-23;89.44;180.096;1.3
CAMPOS;2025-07-23;88.571;180.164;1.3
CAMPOS;2025-07-23;69.475;168.889;1.3
CAMPOS;2025-07-23;74.12;180.661;1.3
CAMPOS;2025-07-23;112.085;141.267;1.3
CAMPOS;2025-07-23;69.142;179.161;1.3
CAMPOS;2025-07-23;97.67;125.161;1.3
CAMPOS;2025-07-23;115.163;129.132;1.3
CAMPOS;2025-07-23;91.046;120.31;1.3
CAMPOS;2025-07-23;97.119;127.296;1.3
CAMPOS;2025-07-23;84.768;86.133;1.3
CAMPOS;2025-07-23;58.291;65.877;1.3
CAMPOS;2025-07-23;42.006;51.032;1.3
CAMPOS;2025-07-23;105.818;112.526;1.3
CAMPOS;2025-07-23;63.143;71.351;1.3
CAMPOS;2025-07-23;60.465;61.968;1.3
CAMPOS;2025-07-23;55.18;70.061;1.3
CAMPOS;2025-07-23;56.17;59.223;1.3
CAMPOS;2025-07-23;34.127;39.032;1.3
CAMPOS;2025-07-23;45.92;59.589;1.3
CAMPOS;2025-07-23;49.809;44.847;1.3
CAMPOS;2025-07-23;33.376;54.386;1.3
CAMPOS;2025-07-23;25.432;28.181;1.3
CAMPOS;2025-07-23;35.728;41.733;1.3
CANTAGALO;2025-07-23;342.161;345.948;1.9
CANTAGALO;2025-07-23;298.743;286.156;1.9
CANTAGALO;2025-07-23;210.637;207.522;1.9
CANTAGALO;2025-07-23;211.997;218.514;1.9
CANTAGALO;2025-07-23;195.118;195.444;1.9
CANTAGALO;2025-07-23;210.148;178.183;1.9
CANTAGALO;2025-07-23;188.18;220.937;1.9
CANTAGALO;2025-07-23;187.287;214.438;1.9
CANTAGALO;2025-07-23;155.921;156.478;1.9
CANTAGALO;2025-07-23;159.661;159.958;1.9
CANTAGALO;2025-07-23;126.089;114.844;1.9
CANTAGALO;2025-07-23;107.662;105.998;1.9
CANTAGALO;2025-07-23;101.74;134.336;1.9
CANTAGALO;2025-07-23;114.48;102.661;1.9
CANTAGALO;2025-07-23;135.648;165.75;1.9
CANTAGALO;2025-07-23;181.13;192.434;1.9
CANTAGALO;2025-07-23;108.762;117.848;1.9
CANTAGALO;2025-07-23;189.468;221.86;1.9
CANTAGALO;2025-07-23;96.088;121.31;1.9
CANTAGALO;2025-07-23;219.65;349.128;1.9
CANTAGALO;2025-07-23;149.941;173.907;1.9
CANTAGALO;2025-07-23;159.6;174.5;1.9
CANTAGALO;2025-07-23;129.426;124.21;1.9
CANTAGALO;2025-07-23;139.088;176.033;1.9
CANTAGALO;2025-07-23;113.211;158.743;1.9
CANTAGALO;2025-07-23;105.61;129.152;1.9
CANTAGALO;2025-07-23;177.471;227.098;1.9
CANTAGALO;2025-07-23;164.761;201.497;1.9
CANTAGALO;2025-07-23;102.999;112.625;1.9
CANTAGALO;2025-07-23;127.271;131.915;1.9
CANTAGALO;2025-07-23;97.29;100.171;1.9
CANTAGALO;2025-07-23;72.406;90.94;1.9
CANTAGALO;2025-07-23;94.553;87.113;1.9
CANTAGALO;2025-07-23;82.533;70.551;1.9
CANTAGALO;2025-07-23;83.968;91.285;1.9
CANTAGALO;2025-07-23;66.447;81.231;1.9
CANTAGALO;2025-07-23;69.667;91.448;1.9
CANTAGALO;2025-07-23;66.29;88.071;1.9
CANTAGALO;2025-07-23;37.764;49.348;1.9
DUQUE DE CAXIAS;2025-07-23;28.74;31.444;1.4
DUQUE DE CAXIAS;2025-07-23;439.964;406.8;1.4
DUQUE DE CAXIAS;2025-07-23;25.108;27.846;1.4
DUQUE DE CAXIAS;2025-07-23;22.419;29.069;1.4
DUQUE DE CAXIAS;2025-07-23;27.669;33.497;1.4
DUQUE DE CAXIAS;2025-07-23;19.333;18.747;1.4
DUQUE DE CAXIAS;2025-07-23;25.423;25.99;1.4
DUQUE DE CAXIAS;2025-07-23;21.905;28.293;1.4
DUQUE DE CAXIAS;2025-07-23;18.032;32.704;1.4
DUQUE DE CAXIAS;2025-07-23;20.102;24.679;1.4
DUQUE DE CAXIAS;2025-07-23;26.521;35.637;1.4
DUQUE DE CAXIAS;2025-07-23;16.965;26.277;1.4
DUQUE DE CAXIAS;2025-07-23;17.292;24.115;1.4
DUQUE DE CAXIAS;2025-07-23;15.147;21.874;1.4
DUQUE DE CAXIAS;2025-07-23;13.682;20.297;1.4
DUQUE DE CAXIAS;2025-07-23;14.05;17.417;1.4
DUQUE DE CAXIAS;2025-07-23;12.545;20.634;1.4
DUQUE DE CAXIAS;2025-07-23;12.931;29.226;1.4
DUQUE DE CAXIAS;2025-07-23;9.201;14.595;1.4
DUQUE DE CAXIAS;2025-07-23;10.003;17.549;1.4
DUQUE DE CAXIAS;2025-07-23;9.997;11.086;1.4
DUQUE DE CAXIAS;2025-07-23;11.357;16.427;1.4
DUQUE DE CAXIAS;2025-07-23;7.521;14.944;1.4
DUQUE DE CAXIAS;2025-07-23;13.131;15.766;1.4
DUQUE DE CAXIAS;2025-07-23;7.707;16.905;1.4
DUQUE DE CAXIAS;2025-07-23;6.53;7.797;1.4
DUQUE DE CAXIAS;2025-07-23;5.624;7.288;1.4
DUQUE DE CAXIAS;2025-07-23;7.97;8.371;1.4
DUQUE DE CAXIAS;2025-07-23;4.888;12.355;1.4
DUQUE DE CAXIAS;2025-07-23;3.394;3.035;1.4
DUQUE DE CAXIAS;2025-07-23;5.142;8.041;1.4
DUQUE DE CAXIAS;2025-07-23;4.137;5.621;1.4
ITABORAÍ;2025-07-23;124.021;118.502;1.4
ITABORAÍ;2025-07-23;141.738;167.666;1.4
ITABORAÍ;2025-07-23;106.517;91.924;1.4
ITABORAÍ;2025-07-23;100.208;86.486;1.4
ITABORAÍ;2025-07-23;96.659;83.587;1.4
ITABORAÍ;2025-07-23;98.864;87.22;1.4
ITABORAÍ;2025-07-23;95.19;82.645;1.4
ITABORAÍ;2025-07-23;91.25;79.383;1.4
ITABORAÍ;2025-07-23;138.388;158.651;1.4
ITABORAÍ;2025-07-23;89.844;82.873;1.4
ITABORAÍ;2025-07-23;91.379;90.104;1.4
ITABORAÍ;2025-07-23;87.025;92.525;1.4
ITABORAÍ;2025-07-23;81.343;88.604;1.4
ITABORAÍ;2025-07-23;61.806;54.575;1.4
ITABORAÍ;2025-07-23;79.219;86.478;1.4
ITABORAÍ;2025-07-23;66.931;61.04;1.4
ITABORAÍ;2025-07-23;86.109;82.654;1.4
ITABORAÍ;2025-07-23;67.913;63.154;1.4
ITABORAÍ;2025-07-23;63.74;74.815;1.4
ITABORAÍ;2025-07-23;64.537;70.916;1.4
ITABORAÍ;2025-07-23;47.023;48.161;1.4
ITABORAÍ;2025-07-23;33.833;32.416;1.4
ITABORAÍ;2025-07-23;35.575;39.283;1.4
ITABORAÍ;2025-07-23;39.585;42.635;1.4
ITABORAÍ;2025-07-23;28.364;27.357;1.4
ITABORAÍ;2025-07-23;34.302;43.543;1.4
ITABORAÍ;2025-07-23;30.34;38.941;1.4
ITABORAÍ;2025-07-23;27.245;36.426;1.4
ITABORAÍ;2025-07-23;26.406;30.756;1.4
ITABORAÍ;2025-07-23;23.121;23.015;1.4
ITABORAÍ;2025-07-23;21.109;28.002;1.4
ITABORAÍ;2025-07-23;12.519;15.521;1.4
ITABORAÍ;2025-07-23;29.457;37.782;1.4
ITABORAÍ;2025-07-23;26.467;32.052;1.4
ITABORAÍ;2025-07-23;13.107;17.769;1.4
ITABORAÍ;2025-07-23;7.063;15.255;1.4
ITABORAÍ;2025-07-23;9.182;9.604;1.4
ITABORAÍ;2025-07-23;13.398;24.333;1.4
ITABORAÍ;2025-07-23;7.946;13.626;1.4
ITABORAÍ;2025-07-23;10.561;19.375;1.4
ITAPERUNA;2025-07-23;101.736;92.25;1.5
ITAPERUNA;2025-07-23;100.675;93.364;1.5
ITAPERUNA;2025-07-23;101.211;90.921;1.5
ITAPERUNA;2025-07-23;191.109;218.994;1.5
ITAPERUNA;2025-07-23;142.56;181.901;1.5
ITAPERUNA;2025-07-23;139.297;153.607;1.5
ITAPERUNA;2025-07-23;158.995;216.652;1.5
ITAPERUNA;2025-07-23;169.239;225.891;1.5
ITAPERUNA;2025-07-23;135.489;164.194;1.5
ITAPERUNA;2025-07-23;87.091;119.176;1.5
ITAPERUNA;2025-07-23;137.788;164.383;1.5
ITAPERUNA;2025-07-23;108.859;129.637;1.5
ITAPERUNA;2025-07-23;100.174;115.132;1.5
ITAPERUNA;2025-07-23;127.376;192.495;1.5
ITAPERUNA;2025-07-23;68.064;83.791;1.5
ITAPERUNA;2025-07-23;117.675;163.485;1.5
ITAPERUNA;2025-07-23;49.348;66.789;1.5
ITAPERUNA;2025-07-23;46.645;63.035;1.5
ITAPERUNA;2025-07-23;48.597;65.038;1.5
ITAPERUNA;2025-07-23;45.0;60.487;1.5
ITAPERUNA;2025-07-23;45.709;63.239;1.5
ITAPERUNA;2025-07-23;50.532;69.055;1.5
ITAPERUNA;2025-07-23;45.448;63.255;1.5
ITAPERUNA;2025-07-23;43.776;61.791;1.5
ITAPERUNA;2025-07-23;41.36;58.753;1.5
ITAPERUNA;2025-07-23;41.414;57.933;1.5
ITAPERUNA;2025-07-23;47.417;68.168;1.5
ITAPERUNA;2025-07-23;40.924;56.938;1.5
ITAPERUNA;2025-07-23;107.08;166.651;1.5
ITAPERUNA;2025-07-23;49.451;67.319;1.5
ITAPERUNA;2025-07-23;40.833;56.72;1.5
ITAPERUNA;2025-07-23;67.853;96.958;1.5
ITAPERUNA;2025-07-23;47.32;66.888;1.5
ITAPERUNA;2025-07-23;43.628;67.693;1.5
ITAPERUNA;2025-07-23;40.16;66.458;1.5
ITAPERUNA;2025-07-23;40.128;56.99;1.5
ITAPERUNA;2025-07-23;40.082;67.697;1.5
ITAPERUNA;2025-07-23;41.809;59.463;1.5
ITAPERUNA;2025-07-23;111.854;163.025;1.5
ITAPERUNA;2025-07-23;41.864;78.291;1.5
ITAPERUNA;2025-07-23;40.838;57.796;1.5
ITAPERUNA;2025-07-23;38.266;56.324;1.5
ITAPERUNA;2025-07-23;41.652;61.377;1.5
ITAPERUNA;2025-07-23;78.162;125.997;1.5
ITAPERUNA;2025-07-23;64.995;101.366;1.5
ITAPERUNA;2025-07-23;135.992;278.458;1.5
ITAPERUNA;2025-07-23;36.194;59.897;1.5
ITAPERUNA;2025-07-23;45.029;54.818;1.5
ITAPERUNA;2025-07-23;85.289;109.82;1.5
ITAPERUNA;2025-07-23;59.399;81.268;1.5
MACAÉ;2025-07-23;77.994;63.476;1.5
MACAÉ;2025-07-23;82.511;73.126;1.5
MACAÉ;2025-07-23;77.624;63.32;1.5
MACAÉ;2025-07-23;78.829;66.528;1.5
MACAÉ;2025-07-23;78.594;68.131;1.5
MACAÉ;2025-07-23;82.333;75.719;1.5
MACAÉ;2025-07-23;86.362;71.909;1.5
MACAÉ;2025-07-23;82.225;66.563;1.5
MACAÉ;2025-07-23;90.76;84.202;1.5
MACAÉ;2025-07-23;72.857;58.982;1.5
MACAÉ;2025-07-23;76.543;67.856;1.5
MACAÉ;2025-07-23;88.156;101.002;1.5
MACAÉ;2025-07-23;72.315;64.086;1.5
MACAÉ;2025-07-23;72.112;59.287;1.5
MACAÉ;2025-07-23;65.288;53.482;1.5
MACAÉ;2025-07-23;65.649;59.414;1.5
MACAÉ;2025-07-23;62.888;52.805;1.5
MACAÉ;2025-07-23;64.239;52.234;1.5
MACAÉ;2025-07-23;63.829;54.075;1.5
MACAÉ;2025-07-23;78.921;78.726;1.5
MACAÉ;2025-07-23;65.301;54.845;1.5
MACAÉ;2025-07-23;60.354;49.801;1.5
MACAÉ;2025-07-23;59.363;48.148;1.5
MACAÉ;2025-07-23;65.944;56.829;1.5
MACAÉ;2025-07-23;59.774;55.079;1.5
MACAÉ;2025-07-23;60.221;51.611;1.5
MACAÉ;2025-07-23;60.828;53.446;1.5
MACAÉ;2025-07-23;54.641;44.978;1.5
MACAÉ;2025-07-23;85.618;96.591;1.5
MACAÉ;2025-07-23;67.175;73.398;1.5
MACAÉ;2025-07-23;57.518;49.488;1.5
MACAÉ;2025-07-23;53.875;51.482;1.5
MACAÉ;2025-07-23;51.499;43.992;1.5
MACAÉ;2025-07-23;49.269;43.93;1.5
MACAÉ;2025-07-23;95.267;122.013;1.5
MACAÉ;2025-07-23;48.351;43.3;1.5
MACAÉ;2025-07-23;48.063;42.027;1.5
MACAÉ;2025-07-23;49.215;44.458;1.5
MACAÉ;2025-07-23;45.945;42.124;1.5
MACAÉ;2025-07-23;47.483;40.883;1.5
MACAÉ;2025-07-23;79.237;70.619;1.5
MACAÉ;2025-07-23;60.654;56.481;1.5
MACAÉ;2025-07-23;85.815;70.593;1.5
MACAÉ;2025-07-23;64.001;85.582;1.5
MACAÉ;2025-07-23;90.535;87.115;1.5
MACAÉ;2025-07-23;86.254;91.168;1.5
MACAÉ;2025-07-23;70.39;75.184;1.5
MACAÉ;2025-07-23;49.914;58.956;1.5
MACAÉ;2025-07-23;12.29;11.126;1.5
MACAÉ;2025-07-23;45.922;43.708;1.5
MAGÉ;2025-07-23;77.829;76.792;1.6
MAGÉ;2025-07-23;85.207;76.805;1.6
MAGÉ;2025-07-23;90.349;79.417;1.6
MAGÉ;2025-07-23;78.539;75.168;1.6
MAGÉ;2025-07-23;82.996;84.581;1.6
MAGÉ;2025-07-23;75.475;85.068;1.6
MAGÉ;2025-07-23;81.247;66.7;1.6
MAGÉ;2025-07-23;76.948;80.349;1.6
MAGÉ;2025-07-23;76.727;78.15;1.6
MAGÉ;2025-07-23;69.949;70.339;1.6
MAGÉ;2025-07-23;84.823;83.219;1.6
MAGÉ;2025-07-23;72.019;64.574;1.6
MAGÉ;2025-07-23;75.942;69.737;1.6
MAGÉ;2025-07-23;61.07;57.585;1.6
MAGÉ;2025-07-23;72.562;83.891;1.6
MAGÉ;2025-07-23;61.252;56.748;1.6
MAGÉ;2025-07-23;52.674;53.475;1.6
MAGÉ;2025-07-23;48.203;49.712;1.6
MAGÉ;2025-07-23;46.729;42.437;1.6
MAGÉ;2025-07-23;58.798;61.098;1.6
MAGÉ;2025-07-23;57.295;67.893;1.6
MAGÉ;2025-07-23;48.723;49.748;1.6
MAGÉ;2025-07-23;41.345;47.909;1.6
MAGÉ;2025-07-23;46.006;48.276;1.6
MAGÉ;2025-07-23;46.482;47.159;1.6
MAGÉ;2025-07-23;90.195;104.357;1.6
MAGÉ;2025-07-23;70.881;79.574;1.6
MAGÉ;2025-07-23;66.047;97.095;1.6
MAGÉ;2025-07-23;42.964;53.364;1.6
MAGÉ;2025-07-23;41.695;48.011;1.6
MAGÉ;2025-07-23;31.306;35.339;1.6
MAGÉ;2025-07-23;38.487;58.012;1.6
MAGÉ;2025-07-23;31.157;40.052;1.6
MAGÉ;2025-07-23;24.542;28.874;1.6
MAGÉ;2025-07-23;26.395;41.426;1.6
MAGÉ;2025-07-23;18.437;19.202;1.6
MAGÉ;2025-07-23;57.137;71.793;1.6
MAGÉ;2025-07-23;19.795;23.456;1.6
MAGÉ;2025-07-23;28.968;29.661;1.6
MAGÉ;2025-07-23;17.457;19.313;1.6
MAGÉ;2025-07-23;19.024;18.41;1.6
MAGÉ;2025-07-23;18.687;20.906;1.6
MAGÉ;2025-07-23;16.664;30.997;1.6
MAGÉ;2025-07-23;15.907;15.221;1.6
MAGÉ;2025-07-23;15.827;17.718;1.6
MAGÉ;2025-07-23;14.786;15.608;1.6
MAGÉ;2025-07-23;13.888;12.643;1.6
MAGÉ;2025-07-23;12.454;11.097;1.6
MAGÉ;2025-07-23;54.199;48.919;1.6
MAGÉ;2025-07-23;13.022;14.523;1.6
MARICÁ;2025-07-23;69.577;65.041;1.7
MARICÁ;2025-07-23;64.482;62.089;1.7
MARICÁ;2025-07-23;60.561;63.285;1.7
MARICÁ;2025-07-23;54.954;54.832;1.7
MARICÁ;2025-07-23;85.952;71.537;1.7
MARICÁ;2025-07-23;56.664;64.027;1.7
MARICÁ;2025-07-23;44.821;43.248;1.7
MARICÁ;2025-07-23;57.035;54.775;1.7
MARICÁ;2025-07-23;46.373;55.69;1.7
MARICÁ;2025-07-23;51.125;54.773;1.7
MARICÁ;2025-07-23;42.45;54.646;1.7
MARICÁ;2025-07-23;43.878;47.496;1.7
MARICÁ;2025-07-23;45.347;36.704;1.7
MARICÁ;2025-07-23;50.557;50.313;1.7
MARICÁ;2025-07-23;46.544;43.535;1.7
MARICÁ;2025-07-23;33.014;32.607;1.7
MARICÁ;2025-07-23;54.353;54.611;1.7
MARICÁ;2025-07-23;43.158;40.146;1.7
MARICÁ;2025-07-23;36.36;31.444;1.7
MARICÁ;2025-07-23;30.105;32.928;1.7
MARICÁ;2025-07-23;57.112;101.618;1.7
MARICÁ;2025-07-23;31.333;39.729;1.7
MARICÁ;2025-07-23;57.844;70.958;1.7
MARICÁ;2025-07-23;24.218;26.436;1.7
MARICÁ;2025-07-23;33.419;31.518;1.7
MARICÁ;2025-07-23;29.234;30.906;1.7
MARICÁ;2025-07-23;26.235;39.379;1.7
MARICÁ;2025-07-23;18.57;28.428;1.7
MARICÁ;2025-07-23;20.959;21.618;1.7
MARICÁ;2025-07-23;17.768;29.108;1.7
MARICÁ;2025-07-23;23.779;31.962;1.7
MARICÁ;2025-07-23;17.701;20.274;1.7
MARICÁ;2025-07-23;5.625;4.089;1.7
MARICÁ;2025-07-23;12.147;12.788;1.7
MARICÁ;2025-07-23;8.093;9.939;1.7
MARICÁ;2025-07-23;9.646;7.74;1.7
NITERÓI;2025-07-23;24.202;24.039;1.7
NITERÓI;2025-07-23;21.979;21.074;1.7
NITERÓI;2025-07-23;22.539;19.052;1.7
NITERÓI;2025-07-23;22.059;25.729;1.7
NITERÓI;2025-07-23;23.437;21.375;1.7
NITERÓI;2025-07-23;19.6;19.2;1.7
NITERÓI;2025-07-23;21.153;20.259;1.7
NITERÓI;2025-07-23;22.537;23.852;1.7
NITERÓI;2025-07-23;21.318;20.975;1.7
NITERÓI;2025-07-23;17.89;15.853;1.7
NITERÓI;2025-07-23;25.96;34.317;1.7
NITERÓI;2025-07-23;21.226;30.658;1.7
NITERÓI;2025-07-23;37.064;38.062;1.7
NITERÓI;2025-07-23;21.558;29.924;1.7
NITERÓI;2025-07-23;19.621;18.711;1.7
NITERÓI;2025-07-23;20.267;21.067;1.7
NITERÓI;2025-07-23;17.361;17.739;1.7
NITERÓI;2025-07-23;17.181;14.513;1.7
NITERÓI;2025-07-23;16.934;16.273;1.7
NITERÓI;2025-07-23;20.797;26.923;1.7
NITERÓI;2025-07-23;18.854;21.867;1.7
NITERÓI;2025-07-23;16.689;18.828;1.7
NITERÓI;2025-07-23;16.319;17.76;1.7
NITERÓI;2025-07-23;16.518;18.029;1.7
NITERÓI;2025-07-23;16.222;14.368;1.7
NITERÓI;2025-07-23;20.274;21.421;1.7
NITERÓI;2025-07-23;17.084;19.364;1.7
NITERÓI;2025-07-23;21.844;32.529;1.7
NITERÓI;2025-07-23;15.707;19.192;1.7
NITERÓI;2025-07-23;23.669;37.932;1.7
NITERÓI;2025-07-23;15.566;13.903;1.7
NITERÓI;2025-07-23;15.276;21.422;1.7
NITERÓI;2025-07-23;29.992;49.33;1.7
NITERÓI;2025-07-23;15.578;13.107;1.7
NITERÓI;2025-07-23;15.494;14.08;1.7
NITERÓI;2025-07-23;22.311;30.521;1.7
NITERÓI;2025-07-23;14.114;13.071;1.7
NITERÓI;2025-07-23;16.334;22.134;1.7
NITERÓI;2025-07-23;12.839;10.243;1.7
NITERÓI;2025-07-23;13.238;11.065;1.7
NITERÓI;2025-07-23;17.405;28.098;1.7
NITERÓI;2025-07-23;14.093;16.155;1.7
NITERÓI;2025-07-23;13.609;18.866;1.7
NITERÓI;2025-07-23;17.259;23.352;1.7
NITERÓI;2025-07-23;11.783;11.338;1.7
NITERÓI;2025-07-23;6.383;6.794;1.7
NITERÓI;2025-07-23;7.539;9.801;1.7
NITERÓI;2025-07-23;14.201;19.788;1.7
NITERÓI;2025-07-23;5.442;5.945;1.7
NITERÓI;2025-07-23;4.993;9.578;1.7
PADUA;2025-07-23;88.404;73.291;1.6
PADUA;2025-07-23;84.775;67.053;1.6
PADUA;2025-07-23;83.555;66.017;1.6
PADUA;2025-07-23;83.366;66.478;1.6
PADUA;2025-07-23;86.638;70.945;1.6
PADUA;2025-07-23;84.966;68.835;1.6
PADUA;2025-07-23;84.59;69.563;1.6
PADUA;2025-07-23;83.74;67.488;1.6
PADUA;2025-07-23;126.284;132.696;1.6
PADUA;2025-07-23;153.931;155.411;1.6
PADUA;2025-07-23;77.557;75.984;1.6
PADUA;2025-07-23;97.644;83.056;1.6
PADUA;2025-07-23;115.08;130.81;1.6
PADUA;2025-07-23;108.929;113.242;1.6
PADUA;2025-07-23;118.192;122.137;1.6
PADUA;2025-07-23;85.657;81.956;1.6
PADUA;2025-07-23;174.41;183.73;1.6
PADUA;2025-07-23;90.855;86.008;1.6
PADUA;2025-07-23;93.947;114.111;1.6
PADUA;2025-07-23;98.265;101.136;1.6
PADUA;2025-07-23;85.588;74.857;1.6
PADUA;2025-07-23;70.118;101.866;1.6
PADUA;2025-07-23;52.132;42.922;1.6
PADUA;2025-07-23;48.827;38.654;1.6
PADUA;2025-07-23;46.25;37.422;1.6
PADUA;2025-07-23;101.926;107.831;1.6
PADUA;2025-07-23;44.557;37.645;1.6
PADUA;2025-07-23;44.436;38.4;1.6
PADUA;2025-07-23;86.519;80.8;1.6
PADUA;2025-07-23;43.607;36.757;1.6
PADUA;2025-07-23;45.292;46.227;1.6
PADUA;2025-07-23;113.89;169.692;1.6
PADUA;2025-07-23;39.476;37.664;1.6
PADUA;2025-07-23;93.604;108.448;1.6
PADUA;2025-07-23;97.676;104.661;1.6
PADUA;2025-07-23;46.184;59.467;1.6
PADUA;2025-07-23;85.136;86.017;1.6
PADUA;2025-07-23;86.206;131.95;1.6
PADUA;2025-07-23;82.666;87.235;1.6
PADUA;2025-07-23;36.146;33.922;1.6
PADUA;2025-07-23;89.241;89.628;1.6
PADUA;2025-07-23;36.962;34.606;1.6
PADUA;2025-07-23;21.344;17.058;1.6
PADUA;2025-07-23;22.973;17.954;1.6
PADUA;2025-07-23;18.604;14.511;1.6
PADUA;2025-07-23;25.729;24.798;1.6
PADUA;2025-07-23;76.759;88.142;1.6
PADUA;2025-07-23;25.562;26.497;1.6
PADUA;2025-07-23;39.351;44.705;1.6
PADUA;2025-07-23;9.915;10.964;1.6
PETROPOLIS;2025-07-23;44.484;35.93;2.1
PETROPOLIS;2025-07-23;50.751;75.281;2.1
PETROPOLIS;2025-07-23;38.099;28.489;2.1
PETROPOLIS;2025-07-23;41.502;49.101;2.1
PETROPOLIS;2025-07-23;62.243;90.427;2.1
PETROPOLIS;2025-07-23;35.938;32.139;2.1
PETROPOLIS;2025-07-23;33.776;30.312;2.1
PETROPOLIS;2025-07-23;31.438;26.429;2.1
PETROPOLIS;2025-07-23;29.466;38.46;2.1
PETROPOLIS;2025-07-23;33.609;41.389;2.1
PETROPOLIS;2025-07-23;46.295;56.519;2.1
PETROPOLIS;2025-07-23;31.184;29.662;2.1
PETROPOLIS;2025-07-23;29.869;27.924;2.1
PETROPOLIS;2025-07-23;25.262;26.838;2.1
PETROPOLIS;2025-07-23;30.679;38.165;2.1
PETROPOLIS;2025-07-23;24.488;18.729;2.1
PETROPOLIS;2025-07-23;27.844;23.85;2.1
PETROPOLIS;2025-07-23;26.754;25.469;2.1
PETROPOLIS;2025-07-23;23.268;30.593;2.1
PETROPOLIS;2025-07-23;38.59;37.561;2.1
PETROPOLIS;2025-07-23;37.297;38.53;2.1
PETROPOLIS;2025-07-23;23.407;21.658;2.1
PETROPOLIS;2025-07-23;27.059;21.857;2.1
PETROPOLIS;2025-07-23;19.891;18.618;2.1
PETROPOLIS;2025-07-23;23.036;20.066;2.1
PETROPOLIS;2025-07-23;23.853;22.039;2.1
PETROPOLIS;2025-07-23;24.434;21.931;2.1
PETROPOLIS;2025-07-23;24.808;27.821;2.1
PETROPOLIS;2025-07-23;16.965;20.753;2.1
PETROPOLIS;2025-07-23;24.715;31.997;2.1
PETROPOLIS;2025-07-23;22.1;21.281;2.1
PETROPOLIS;2025-07-23;18.32;22.998;2.1
PETROPOLIS;2025-07-23;15.558;14.005;2.1
PETROPOLIS;2025-07-23;15.294;16.17;2.1
PETROPOLIS;2025-07-23;22.7;32.431;2.1
PETROPOLIS;2025-07-23;18.243;19.441;2.1
PETROPOLIS;2025-07-23;14.244;14.944;2.1
PETROPOLIS;2025-07-23;14.821;22.286;2.1
PETROPOLIS;2025-07-23;18.033;25.609;2.1
PETROPOLIS;2025-07-23;11.998;17.811;2.1
PETROPOLIS;2025-07-23;11.658;12.309;2.1
PETROPOLIS;2025-07-23;16.932;23.287;2.1
PETROPOLIS;2025-07-23;12.247;12.712;2.1
PETROPOLIS;2025-07-23;8.797;17.361;2.1
PETROPOLIS;2025-07-23;13.413;15.227;2.1
PETROPOLIS;2025-07-23;12.594;14.699;2.1
PETROPOLIS;2025-07-23;13.074;14.258;2.1
PETROPOLIS;2025-07-23;8.764;16.423;2.1
PETROPOLIS;2025-07-23;4.129;6.262;2.1
PETROPOLIS;2025-07-23;6.496;10.8;2.1
RESENDE;2025-07-23;68.028;115.021;1.5
RESENDE;2025-07-23;66.619;91.434;1.5
RESENDE;2025-07-23;67.838;93.906;1.5
RESENDE;2025-07-23;71.685;96.51;1.5
RESENDE;2025-07-23;66.716;94.358;1.5
RESENDE;2025-07-23;66.404;93.02;1.5
RESENDE;2025-07-23;64.84;93.158;1.5
RESENDE;2025-07-23;66.773;93.003;1.5
RESENDE;2025-07-23;69.457;100.207;1.5
RESENDE;2025-07-23;63.752;94.06;1.5
RESENDE;2025-07-23;63.049;92.472;1.5
RESENDE;2025-07-23;68.296;95.955;1.5
RESENDE;2025-07-23;72.676;113.598;1.5
RESENDE;2025-07-23;67.237;98.496;1.5
RESENDE;2025-07-23;62.406;94.923;1.5
RESENDE;2025-07-23;63.56;91.501;1.5
RESENDE;2025-07-23;66.144;98.736;1.5
RESENDE;2025-07-23;62.985;93.631;1.5
RESENDE;2025-07-23;61.798;94.389;1.5
RESENDE;2025-07-23;61.396;93.656;1.5
RESENDE;2025-07-23;61.407;94.258;1.5
RESENDE;2025-07-23;59.571;91.817;1.5
RESENDE;2025-07-23;59.253;91.25;1.5
RESENDE;2025-07-23;60.822;93.538;1.5
RESENDE;2025-07-23;60.786;91.258;1.5
RESENDE;2025-07-23;59.074;90.035;1.5
RESENDE;2025-07-23;60.836;91.233;1.5
RESENDE;2025-07-23;63.159;96.816;1.5
RESENDE;2025-07-23;58.422;92.311;1.5
RESENDE;2025-07-23;57.695;90.893;1.5
RESENDE;2025-07-23;71.755;133.629;1.5
RESENDE;2025-07-23;67.422;115.86;1.5
RESENDE;2025-07-23;58.83;89.999;1.5
RESENDE;2025-07-23;57.742;91.892;1.5
RESENDE;2025-07-23;63.03;119.901;1.5
RESENDE;2025-07-23;83.572;168.186;1.5
RESENDE;2025-07-23;57.732;81.899;1.5
RESENDE;2025-07-23;59.485;97.2;1.5
RESENDE;2025-07-23;92.058;129.704;1.5
RESENDE;2025-07-23;68.006;129.539;1.5
RESENDE;2025-07-23;59.18;102.139;1.5
RESENDE;2025-07-23;97.953;184.715;1.5
RESENDE;2025-07-23;61.175;102.857;1.5
RESENDE;2025-07-23;60.478;116.155;1.5
RESENDE;2025-07-23;74.579;104.661;1.5
RESENDE;2025-07-23;29.467;48.938;1.5
RESENDE;2025-07-23;30.748;36.113;1.5
RESENDE;2025-07-23;10.242;18.243;1.5
RESENDE;2025-07-23;10.381;16.791;1.5
RESENDE;2025-07-23;1.202;4.735;1.5
SÃO GONÇALO;2025-07-23;35.344;46.891;1.5
SÃO GONÇALO;2025-07-23;45.829;46.47;1.5
SÃO GONÇALO;2025-07-23;28.682;27.052;1.5
SÃO GONÇALO;2025-07-23;38.631;49.812;1.5
SÃO GONÇALO;2025-07-23;27.062;26.947;1.5
SÃO GONÇALO;2025-07-23;746.563;607.05;1.5
SÃO GONÇALO;2025-07-23;23.959;20.457;1.5
SÃO GONÇALO;2025-07-23;27.095;32.184;1.5
SÃO GONÇALO;2025-07-23;23.567;37.121;1.5
SÃO GONÇALO;2025-07-23;22.385;20.151;1.5
SÃO GONÇALO;2025-07-23;28.341;25.745;1.5
SÃO GONÇALO;2025-07-23;40.392;39.832;1.5
SÃO GONÇALO;2025-07-23;20.833;19.564;1.5
SÃO GONÇALO;2025-07-23;19.168;23.492;1.5
SÃO GONÇALO;2025-07-23;14.979;14.376;1.5
SÃO GONÇALO;2025-07-23;22.365;21.429;1.5
SÃO GONÇALO;2025-07-23;15.563;18.675;1.5
SÃO GONÇALO;2025-07-23;30.713;39.971;1.5
SÃO GONÇALO;2025-07-23;19.106;19.313;1.5
SÃO GONÇALO;2025-07-23;14.844;16.188;1.5
SÃO GONÇALO;2025-07-23;13.25;14.197;1.5
SÃO GONÇALO;2025-07-23;18.853;17.327;1.5
SÃO GONÇALO;2025-07-23;11.948;15.372;1.5
SÃO GONÇALO;2025-07-23;10.048;12.951;1.5
SÃO GONÇALO;2025-07-23;8.249;12.003;1.5
SÃO GONÇALO;2025-07-23;16.388;15.282;1.5
SÃO GONÇALO;2025-07-23;17.201;19.014;1.5
SÃO GONÇALO;2025-07-23;5.82;13.81;1.5
SÃO GONÇALO;2025-07-23;6.272;8.021;1.5
SÃO GONÇALO;2025-07-23;6.194;9.715;1.5
TERESOPOLIS;2025-07-23;188.775;148.72;2.0
TERESOPOLIS;2025-07-23;156.589;136.747;2.0
TERESOPOLIS;2025-07-23;149.736;104.895;2.0
TERESOPOLIS;2025-07-23;154.279;98.336;2.0
TERESOPOLIS;2025-07-23;157.652;156.767;2.0
TERESOPOLIS;2025-07-23;169.921;142.613;2.0
TERESOPOLIS;2025-07-23;138.515;99.198;2.0
TERESOPOLIS;2025-07-23;131.775;92.607;2.0
TERESOPOLIS;2025-07-23;123.171;90.622;2.0
TERESOPOLIS;2025-07-23;130.307;117.447;2.0
TERESOPOLIS;2025-07-23;120.714;91.819;2.0
TERESOPOLIS;2025-07-23;117.706;95.351;2.0
TERESOPOLIS;2025-07-23;111.012;88.445;2.0
TERESOPOLIS;2025-07-23;163.014;136.228;2.0
TERESOPOLIS;2025-07-23;106.453;91.244;2.0
TERESOPOLIS;2025-07-23;87.959;72.036;2.0
TERESOPOLIS;2025-07-23;81.144;65.121;2.0
TERESOPOLIS;2025-07-23;81.65;74.57;2.0
TERESOPOLIS;2025-07-23;75.952;75.399;2.0
TERESOPOLIS;2025-07-23;65.922;63.711;2.0
TERESOPOLIS;2025-07-23;63.743;70.826;2.0
TERESOPOLIS;2025-07-23;68.408;68.997;2.0
TERESOPOLIS;2025-07-23;47.393;53.032;2.0
TERESOPOLIS;2025-07-23;70.426;92.093;2.0
TERESOPOLIS;2025-07-23;23.765;22.699;2.0
TERESOPOLIS;2025-07-23;25.481;33.331;2.0
TERESOPOLIS;2025-07-23;23.93;29.419;2.0
TERESOPOLIS;2025-07-23;37.724;41.655;2.0
TERESOPOLIS;2025-07-23;22.487;16.423;2.0
TERESOPOLIS;2025-07-23;19.948;19.39;2.0
TERESOPOLIS;2025-07-23;16.225;14.092;2.0
TERESOPOLIS;2025-07-23;26.895;25.99;2.0
TERESOPOLIS;2025-07-23;19.83;19.252;2.0
TERESOPOLIS;2025-07-23;16.99;14.436;2.0
TERESOPOLIS;2025-07-23;12.323;11.083;2.0
TERESOPOLIS;2025-07-23;17.764;15.28;2.0
TERESOPOLIS;2025-07-23;11.259;10.293;2.0
TERESOPOLIS;2025-07-23;13.559;12.439;2.0
TERESOPOLIS;2025-07-23;8.498;8.414;2.0
TERESOPOLIS;2025-07-23;9.766;10.216;2.0
TERESOPOLIS;2025-07-23;20.29;25.213;2.0
TERESOPOLIS;2025-07-23;9.333;7.832;2.0
TERESOPOLIS;2025-07-23;13.464;16.149;2.0
TERESOPOLIS;2025-07-23;12.548;14.757;2.0
TERESOPOLIS;2025-07-23;9.364;11.216;2.0
TERESOPOLIS;2025-07-23;8.183;9.431;2.0
TERESOPOLIS;2025-07-23;6.646;8.285;2.0
TERESOPOLIS;2025-07-23;6.15;12.95;2.0
TERESOPOLIS;2025-07-23;5.619;8.188;2.0
TERESOPOLIS;2025-07-23;9.319;9.27;2.0
NITERÓI;2025-07-25;31.18;24.039;2.19
NITERÓI;2025-07-25;28.316;21.074;2.19
NITERÓI;2025-07-25;29.041;19.052;2.19
NITERÓI;2025-07-25;28.478;25.729;2.19
NITERÓI;2025-07-25;30.19;21.375;2.19
NITERÓI;2025-07-25;25.255;19.2;2.19
NITERÓI;2025-07-25;27.17;20.259;2.19
NITERÓI;2025-07-25;29.031;23.852;2.19
NITERÓI;2025-07-25;27.468;20.975;2.19
NITERÓI;2025-07-25;22.799;15.853;2.19
NITERÓI;2025-07-25;33.446;34.317;2.19
NITERÓI;2025-07-25;27.348;30.658;2.19
NITERÓI;2025-07-25;47.75;38.062;2.19
NITERÓI;2025-07-25;27.774;29.924;2.19
NITERÓI;2025-07-25;25.278;18.711;2.19
NITERÓI;2025-07-25;26.112;21.067;2.19
NITERÓI;2025-07-25;22.365;17.739;2.19
NITERÓI;2025-07-25;22.138;14.513;2.19
NITERÓI;2025-07-25;21.818;16.273;2.19
NITERÓI;2025-07-25;26.795;26.923;2.19
NITERÓI;2025-07-25;24.286;21.867;2.19
NITERÓI;2025-07-25;21.499;18.828;2.19
NITERÓI;2025-07-25;21.025;17.76;2.19
NITERÓI;2025-07-25;21.279;18.029;2.19
NITERÓI;2025-07-25;20.901;14.368;2.19
NITERÓI;2025-07-25;26.122;21.421;2.19
NITERÓI;2025-07-25;22.178;19.364;2.19
NITERÓI;2025-07-25;28.143;32.529;2.19
NITERÓI;2025-07-25;20.5;19.192;2.19
NITERÓI;2025-07-25;30.614;37.932;2.19
NITERÓI;2025-07-25;20.102;13.903;2.19
NITERÓI;2025-07-25;19.681;21.422;2.19
NITERÓI;2025-07-25;38.701;49.33;2.19
NITERÓI;2025-07-25;20.017;13.107;2.19
NITERÓI;2025-07-25;19.987;14.08;2.19
NITERÓI;2025-07-25;28.746;30.521;2.19
NITERÓI;2025-07-25;18.185;13.071;2.19
NITERÓI;2025-07-25;21.042;22.134;2.19
NITERÓI;2025-07-25;16.541;10.243;2.19
NITERÓI;2025-07-25;17.057;11.065;2.19
NITERÓI;2025-07-25;22.431;28.098;2.19
NITERÓI;2025-07-25;18.367;16.155;2.19
NITERÓI;2025-07-25;17.554;18.866;2.19
NITERÓI;2025-07-25;22.238;23.352;2.19
NITERÓI;2025-07-25;15.181;11.338;2.19
NITERÓI;2025-07-25;8.228;6.794;2.19
NITERÓI;2025-07-25;9.717;9.801;2.19
NITERÓI;2025-07-25;18.298;19.788;2.19
NITERÓI;2025-07-25;7.008;5.945;2.19
NITERÓI;2025-07-25;6.437;9.578;2.19
ANGRA;2025-07-25;58.183;45.572;1.82
ANGRA;2025-07-25;61.166;47.186;1.82
ANGRA;2025-07-25;53.406;51.324;1.82
ANGRA;2025-07-25;59.246;47.924;1.82
ANGRA;2025-07-25;39.582;28.217;1.82
ANGRA;2025-07-25;59.629;63.723;1.82
ANGRA;2025-07-25;80.201;100.997;1.82
ANGRA;2025-07-25;44.718;48.138;1.82
ANGRA;2025-07-25;34.548;47.905;1.82
ANGRA;2025-07-25;44.618;39.883;1.82
ANGRA;2025-07-25;52.444;44.085;1.82
ANGRA;2025-07-25;34.033;25.71;1.82
ANGRA;2025-07-25;29.726;29.433;1.82
ANGRA;2025-07-25;28.494;27.542;1.82
ANGRA;2025-07-25;15.13;13.073;1.82
ANGRA;2025-07-25;15.038;13.344;1.82
ANGRA;2025-07-25;14.906;13.027;1.82
ANGRA;2025-07-25;15.163;12.712;1.82
ANGRA;2025-07-25;15.276;13.066;1.82
ANGRA;2025-07-25;14.43;12.563;1.82
ANGRA;2025-07-25;14.863;12.561;1.82
ANGRA;2025-07-25;14.471;12.938;1.82
ANGRA;2025-07-25;15.597;12.365;1.82
ANGRA;2025-07-25;26.317;35.101;1.82
ANGRA;2025-07-25;14.358;12.33;1.82
ANGRA;2025-07-25;15.113;12.187;1.82
ANGRA;2025-07-25;14.333;12.063;1.82
ANGRA;2025-07-25;14.613;11.716;1.82
ANGRA;2025-07-25;18.031;14.627;1.82
ANGRA;2025-07-25;14.478;13.296;1.82
ANGRA;2025-07-25;14.272;13.189;1.82
ANGRA;2025-07-25;14.478;12.7;1.82
ANGRA;2025-07-25;14.371;13.997;1.82
ANGRA;2025-07-25;13.931;14.101;1.82
ANGRA;2025-07-25;20.185;20.939;1.82
ANGRA;2025-07-25;25.751;23.991;1.82
ANGRA;2025-07-25;15.944;12.901;1.82
ANGRA;2025-07-25;15.888;14.987;1.82
ANGRA;2025-07-25;12.753;13.204;1.82
ANGRA;2025-07-25;13.945;12.777;1.82
ANGRA;2025-07-25;15.755;12.739;1.82
ANGRA;2025-07-25;12.42;11.92;1.82
ANGRA;2025-07-25;14.085;13.953;1.82
ANGRA;2025-07-25;12.932;11.952;1.82
ANGRA;2025-07-25;15.868;12.778;1.82
ANGRA;2025-07-25;13.852;14.457;1.82
ANGRA;2025-07-25;10.457;16.031;1.82
ANGRA;2025-07-25;17.911;17.062;1.82
ANGRA;2025-07-25;4.889;5.111;1.82
NITERÓI;2025-07-30;31.18;24.039;2.19
NITERÓI;2025-07-30;28.316;21.074;2.19
NITERÓI;2025-07-30;29.041;19.052;2.19
NITERÓI;2025-07-30;28.478;25.729;2.19
NITERÓI;2025-07-30;30.684;21.375;2.19
NITERÓI;2025-07-30;25.31;19.2;2.19
NITERÓI;2025-07-30;27.202;20.259;2.19
NITERÓI;2025-07-30;29.431;23.852;2.19
NITERÓI;2025-07-30;27.592;20.975;2.19
NITERÓI;2025-07-30;23.225;15.853;2.19
NITERÓI;2025-07-30;33.822;34.317;2.19
NITERÓI;2025-07-30;27.348;30.658;2.19
NITERÓI;2025-07-30;48.308;38.062;2.19
NITERÓI;2025-07-30;27.78;29.924;2.19
NITERÓI;2025-07-30;25.368;18.711;2.19
NITERÓI;2025-07-30;26.213;21.067;2.19
NITERÓI;2025-07-30;22.557;17.739;2.19
NITERÓI;2025-07-30;22.138;14.513;2.19
NITERÓI;2025-07-30;21.818;16.273;2.19
NITERÓI;2025-07-30;26.856;26.944;2.19
NITERÓI;2025-07-30;25.475;21.867;2.19
NITERÓI;2025-07-30;21.499;18.828;2.19
NITERÓI;2025-07-30;21.043;17.76;2.19
NITERÓI;2025-07-30;21.279;18.029;2.19
NITERÓI;2025-07-30;20.912;14.368;2.19
NITERÓI;2025-07-30;26.122;21.421;2.19
NITERÓI;2025-07-30;22.188;19.364;2.19
NITERÓI;2025-07-30;28.144;32.529;2.19
NITERÓI;2025-07-30;20.5;19.192;2.19
NITERÓI;2025-07-30;30.614;37.932;2.19
NITERÓI;2025-07-30;20.102;13.903;2.19
NITERÓI;2025-07-30;19.681;21.422;2.19
NITERÓI;2025-07-30;38.701;49.33;2.19
NITERÓI;2025-07-30;20.017;13.107;2.19
NITERÓI;2025-07-30;19.987;14.08;2.19
NITERÓI;2025-07-30;28.746;30.521;2.19
NITERÓI;2025-07-30;18.185;13.071;2.19
NITERÓI;2025-07-30;21.042;22.134;2.19
NITERÓI;2025-07-30;16.541;10.243;2.19
NITERÓI;2025-07-30;17.057;11.065;2.19
NITERÓI;2025-07-30;22.431;28.098;2.19
NITERÓI;2025-07-30;18.367;16.155;2.19
NITERÓI;2025-07-30;17.554;18.866;2.19
NITERÓI;2025-07-30;22.238;23.185;2.19
NITERÓI;2025-07-30;15.181;11.338;2.19
NITERÓI;2025-07-30;8.228;6.794;2.19
NITERÓI;2025-07-30;9.717;9.801;2.19
NITERÓI;2025-07-30;18.298;19.788;2.19
NITERÓI;2025-07-30;7.008;5.945;2.19
NITERÓI;2025-07-30;6.437;9.578;2.19
NITERÓI;2025-07-31;23.862;28.651;2.19
NITERÓI;2025-07-31;29.244;20.939;2.19
NITERÓI;2025-07-31;17.47;18.866;2.19
NITERÓI;2025-07-31;15.824;18.852;2.19
NITERÓI;2025-07-31;13.982;11.258;2.19
NITERÓI;2025-07-31;7.97;6.795;2.19
NITERÓI;2025-07-31;9.619;9.801;2.19
NITERÓI;2025-07-31;21.188;21.197;2.19
NITERÓI;2025-07-31;6.134;5.358;2.19
NITERÓI;2025-07-31;6.288;9.578;2.19
